1658132896100292952
1658132896200740701
1658132896296356090
1658132896397961806
1658132896497712282
1658132896598108344
1658132896698836731
1658132896798908031
1658132896899353928
1658132896999666842
1658132897100081943
1658132897200825367
1658132897296181911
1658132897397315007
1658132897497691005
1658132897597975567
1658132897698324123
1658132897799190655
1658132897899037883
1658132897999465580
1658132898099948518
1658132898200276321
1658132898296256681
1658132898396980787
1658132898496914133
1658132898597545531
1658132898698769002
1658132898798102110
1658132898898590739
1658132898999423302
1658132899099355709
1658132899199781548
1658132899296117182
1658132899396461171
1658132899496957252
1658132899597256744
1658132899697717621
1658132899797978923
1658132899898521666
1658132899998752131
1658132900099321407
1658132900199489369
1658132900296123098
1658132900396815843
1658132900497243468
1658132900597606435
1658132900697965336
1658132900798461427
1658132900898852024
1658132900998965998
1658132901099869847
1658132901199941494
1658132901296155544
1658132901397190383
1658132901496964916
1658132901597802636
1658132901698357144
1658132901798459208
1658132901898825380
1658132901999041462
1658132902099544098
1658132902200102401
1658132902295981593
1658132902396467025
1658132902496899901
1658132902597151450
1658132902697642259
1658132902797948263
1658132902898408583
1658132902998763780
1658132903099202712
1658132903199454438
1658132903295990660
1658132903397407954
1658132903497701841
1658132903598143360
1658132903698435219
1658132903798798553
1658132903899173273
1658132903999603680
1658132904099992912
1658132904200521992
1658132904295999657
1658132904396354673
1658132904497240364
1658132904596992370
1658132904697382983
1658132904797759048
1658132904898130480
1658132904998518422
1658132905098943649
1658132905199598148
1658132905296072058
1658132905396159513
1658132905496595666
1658132905596936804
1658132905697320595
1658132905797695365
1658132905898194507
1658132905998472263
1658132906098830578
1658132906199491712
1658132906295703596
1658132906396755501
1658132906498005229
1658132906597605509
1658132906698026981
1658132906798973092
1658132906898729792
1658132906999009492
1658132907099412936
1658132907199867045
1658132907296680976
1658132907396066213
1658132907496497838
1658132907596873630
1658132907697683105
1658132907797597370
1658132907898139058
1658132907998424139
1658132908098739627
1658132908199673317
1658132908297576536
1658132908396560825
1658132908496921805
1658132908597389632
1658132908697898574
1658132908798188055
1658132908898694184
1658132908998803150
1658132909099717335
1658132909199547663
1658132909295749944
1658132909395976540
1658132909498838226
1658132909597159445
1658132909697110435
1658132909797509696
1658132909898893191
1658132909999011897
1658132910101028287
1658132910199179929
1658132910295638097
1658132910396198620
1658132910496975385
1658132910599147135
1658132910698117945
1658132910797791659
1658132910898005805
1658132910998850978
1658132911098946196
1658132911202316059
1658132911295624895
1658132911396685674
1658132911496615676
1658132911596819949
1658132911697211039
1658132911799815099
1658132911898296515
1658132911999824554
1658132912099021977
1658132912199148271
1658132912295507785
1658132912397136560
1658132912497344377
1658132912597940759
1658132912698423306
1658132912800009994
1658132912898812911
1658132912999759564
1658132913099913813
1658132913200910851
1658132913295592042
1658132913399200866
1658132913497328076
1658132913597538687
1658132913697986311
1658132913800116197
1658132913898718121
1658132913998925306
1658132914099622626
1658132914201672456
1658132914295541918
1658132914396859311
1658132914496957423
1658132914598309993
1658132914697877992
1658132914798121771
1658132914898639472
1658132915001562942
1658132915099309642
1658132915199791347
1658132915295372671
1658132915395786655
1658132915496366911
1658132915596581785
1658132915696905803
1658132915798308192
1658132915897776585
1658132915998014056
1658132916098881786
1658132916199610390
1658132916295852372
1658132916397146206
1658132916498831635
1658132916597098316
1658132916697575325
1658132916797809092
1658132916898245463
1658132916998644622
1658132917100256419
1658132917199369543
1658132917297521215
1658132917396290133
1658132917498383440
1658132917596896443
1658132917698650397
1658132917797812604
1658132917899958419
1658132917998537796
1658132918099617995
1658132918199082381
1658132918296011225
1658132918396573854
1658132918496370665
1658132918596428298
1658132918697568106
1658132918797343072
1658132918897613169
1658132918997893555
1658132919100585005
1658132919198743553
1658132919295245344
1658132919396408328
1658132919497217091
1658132919596573071
1658132919697523705
1658132919797337878
1658132919898278063
1658132919998090186
1658132920099290968
1658132920198931030
1658132920295503763
1658132920395750689
1658132920496031615
1658132920598824466
1658132920696965651
1658132920797116186
1658132920897857530
1658132920997967407
1658132921098980663
1658132921201017510
1658132921295153220
1658132921396598550
1658132921496981068
1658132921597364817
1658132921697684279
1658132921798085898
1658132921898510778
1658132922001411103
1658132922099197118
1658132922199971030
1658132922295340423
1658132922396625329
1658132922496802453
1658132922597874338
1658132922697624911
1658132922798056328
1658132922898250537
1658132922998687583
1658132923099065341
1658132923201465728
1658132923295230537
1658132923396353607
1658132923496796994
1658132923597452762
1658132923697402935
1658132923797844670
1658132923898318474
1658132923998548271
1658132924098911003
1658132924199328990
1658132924295126965
1658132924396134077
1658132924496552286
1658132924596883566
1658132924697342335
1658132924797664217
1658132924898268551
1658132925030922933
1658132925098872879
1658132925199239364
1658132925295219322
1658132925395489511
1658132925495969896
1658132925596290611
1658132925696655973
1658132925797418776
1658132925897535656
1658132925997808772
1658132926098563936
1658132926198591764
1658132926295247994
1658132926395970614
1658132926496444914
1658132926596775653
1658132926697369440
1658132926797841663
1658132926898297249
1658132926998313997
1658132927098722735
1658132927199000616
1658132927295197400
1658132927395707246
1658132927496116387
1658132927596460936
1658132927696825852
1658132927797320551
1658132927897651818
1658132927998052619
1658132928098651691
1658132928198635226
1658132928295004640
1658132928395546939
1658132928495933323
1658132928596312430
1658132928696741318
1658132928797086584
1658132928897448523
1658132928997864965
1658132929098221941
1658132929198950689
1658132929294985808
1658132929396554125
1658132929496853324
1658132929597191153
1658132929697550395
1658132929798245513
1658132929898912114
1658132929999040092
1658132930099084195
1658132930199389550
1658132930295094587
1658132930395551257
1658132930495653545
1658132930596121707
1658132930697018027
1658132930796851075
1658132930897191440
1658132930997666640
1658132931097986090
1658132931198341993
1658132931295104575
1658132931396073919
1658132931496459865
1658132931596887277
1658132931697201580
1658132931797609600
1658132931898193373
1658132931998286494
1658132932098728531
1658132932199008578
1658132932294879442
1658132932396312921
1658132932496328387
1658132932596739377
1658132932697112155
1658132932797478981
1658132932897835470
1658132932998258009
1658132933098693087
1658132933199251381
1658132933294842299
1658132933395692607
1658132933496101518
1658132933596540070
1658132933696960279
1658132933797751741
1658132933897646758
1658132933998096613
1658132934098443928
1658132934198610727
1658132934294830191
1658132934396048373
1658132934495955507
1658132934596423501
1658132934696915536
1658132934797231510
1658132934897503459
1658132934997857445
1658132935098352319
1658132935198799662
1658132935295748567
1658132935395563296
1658132935495962136
1658132935596309440
1658132935696758230
1658132935797301856
1658132935897456730
1658132935997677422
1658132936098485760
1658132936198355073
1658132936295462396
1658132936395158403
1658132936497192936
1658132936596310289
1658132936698663310
1658132936796651013
1658132936897188491
1658132936997421573
1658132937099519889
1658132937198152524
1658132937294990165
1658132937396340351
1658132937498358757
1658132937596809626
1658132937699562680
1658132937797628721
1658132937897898983
1658132937998383987
1658132938100247954
1658132938198997661
1658132938295257453
1658132938395878031
1658132938497048799
1658132938596970386
1658132938697006095
1658132938797372355
1658132938899915239
1658132938998196325
1658132939101020357
1658132939198840838
1658132939294681169
1658132939396689492
1658132939496173845
1658132939597041620
1658132939697215224
1658132939797506447
1658132939897804374
1658132939998522722
1658132940099018765
1658132940198736131
1658132940294834912
1658132940395666344
1658132940496119053
1658132940599046870
1658132940696717493
1658132940797585546
1658132940897595627
1658132940998588896
1658132941098344352
1658132941201156715
1658132941294533886
1658132941398916746
1658132941495815237
1658132941596185750
1658132941696971323
1658132941796907460
1658132941897499109
1658132941999767141
1658132942098018119
1658132942198366577
1658132942294590760
1658132942395200936
1658132942497013548
1658132942596914693
1658132942696411948
1658132942799083377
1658132942897141644
1658132942997514444
1658132943097952994
1658132943201005157
1658132943295230783
1658132943394962267
1658132943495488415
1658132943596627377
1658132943696203238
1658132943796462505
1658132943897161593
1658132943998115927
1658132944097691258
1658132944198723272
1658132944295289981
1658132944395837420
1658132944496445110
1658132944596818832
1658132944697971647
1658132944797431146
1658132944897831730
1658132944998154808
1658132945098905964
1658132945198745003
1658132945296520792
1658132945394815149
1658132945497105082
1658132945595645105
1658132945696830454
1658132945796383622
1658132945898374593
1658132945997110656
1658132946099194386
1658132946197886328
1658132946295943725
1658132946395627156
1658132946496740456
1658132946596466177
1658132946699299453
1658132946796999353
1658132946899707360
1658132946998200241
1658132947100301795
1658132947198469444
1658132947294700517
1658132947394741693
1658132947495551590
1658132947595769227
1658132947696486863
1658132947796216756
1658132947897413261
1658132947997009898
1658132948097972883
1658132948199036776
1658132948294320504
1658132948395147649
1658132948495503827
1658132948595880895
1658132948696294660
1658132948798748335
1658132948897315320
1658132948997791059
1658132949098180992
1658132949198092751
1658132949294659282
1658132949394644762
1658132949495123964
1658132949595621084
1658132949695928126
1658132949798746233
1658132949896724231
1658132949997082560
1658132950097350483
1658132950197619687
1658132950294236520
1658132950395534047
1658132950495106155
1658132950595501408
1658132950696574212
1658132950796257464
1658132950896707596
1658132950997316887
1658132951097456319
1658132951197684110
1658132951294321677
1658132951395649080
1658132951496569067
1658132951596644273
1658132951696945374
1658132951797211190
1658132951897692149
1658132951997893104
1658132952098601652
1658132952198650910
1658132952294538536
1658132952395520402
1658132952496257308
1658132952626624069
1658132952696780895
1658132952796886088
1658132952897376090
1658132952997613275
1658132953098075775
1658132953198363575
1658132953294068922
1658132953395345472
1658132953496035744
1658132953596024884
1658132953697559593
1658132953796769720
1658132953897141959
1658132953998082725
1658132954097790698
1658132954198268217
1658132954294176829
1658132954395147993
1658132954495452273
1658132954595835816
1658132954696173459
1658132954796657243
1658132954896979020
1658132954997302085
1658132955097746709
1658132955198034291
1658132955294002812
1658132955394907634
1658132955495227317
1658132955595694264
1658132955696141507
1658132955796764007
1658132955897079699
1658132955997105200
1658132956097463447
1658132956197845577
1658132956294017313
1658132956394644854
1658132956494996319
1658132956595386186
1658132956695820173
1658132956796191691
1658132956896480291
1658132956996928136
1658132957097343170
1658132957197603979
1658132957293899020
1658132957394493968
1658132957494807114
1658132957595220780
1658132957696003699
1658132957795986137
1658132957896370452
1658132957996717536
1658132958097090083
1658132958197494958
1658132958294093513
1658132958395348326
1658132958496214195
1658132958596136469
1658132958696645999
1658132958796888166
1658132958897243616
1658132958997579362
1658132959097947372
1658132959198439808
1658132959293909954
1658132959395213084
1658132959495771525
1658132959595890999
1658132959696238312
1658132959796641929
1658132959897384781
1658132959997398252
1658132960097834948
1658132960198498587
1658132960293854329
1658132960394212800
1658132960494888725
1658132960594992634
1658132960695413622
1658132960795753532
1658132960896109516
1658132960996506029
1658132961096925715
1658132961197245952
1658132961293978466
1658132961395108301
1658132961495188348
1658132961596218582
1658132961695841231
1658132961796235663
1658132961897152974
1658132961997010412
1658132962097310718
1658132962197769241
1658132962293972119
1658132962394880816
1658132962494996988
1658132962595323339
1658132962695757822
1658132962796038064
1658132962898317932
1658132963031426062
1658132963097165999
1658132963197466013
1658132963293719833
1658132963395163293
1658132963494840547
1658132963595033306
1658132963695618383
1658132963796639219
1658132963897567853
1658132963996631152
1658132964096986141
1658132964197416001
1658132964294909832
1658132964394450090
1658132964494478397
1658132964595167712
1658132964697221333
1658132964795698837
1658132964896700659
1658132964996460685
1658132965098592375
1658132965197272264
1658132965293756668
1658132965395119832
1658132965496274017
1658132965595899122
1658132965697880955
1658132965801005681
1658132965897071710
1658132965997548986
1658132966099437997
1658132966198069562
1658132966293977705
1658132966394835155
1658132966495259732
1658132966595666655
1658132966696040006
1658132966796437800
1658132966897141827
1658132966997166797
1658132967097564884
1658132967197996496
1658132967293751940
1658132967395134228
1658132967495043170
1658132967597019211
1658132967695758035
1658132967796280930
1658132967896770568
1658132967997458938
1658132968097509726
1658132968197987455
1658132968293952989
1658132968396751048
1658132968494946893
1658132968595375772
1658132968695567621
1658132968798270346
1658132968896521865
1658132968996902128
1658132969097198644
1658132969198988647
1658132969293727810
1658132969394697567
1658132969494737158
1658132969595772907
1658132969695443536
1658132969795756571
1658132969896192236
1658132969997841021
1658132970096866831
1658132970197277031
1658132970293616079
1658132970393972802
1658132970494434096
1658132970594891760
1658132970695219158
1658132970795609589
1658132970895937131
1658132970996981486
1658132971097918772
1658132971197028164
1658132971294827742
1658132971394875163
1658132971495441983
1658132971595701597
1658132971696128979
1658132971796594220
1658132971898419004
1658132971997028661
1658132972097500844
1658132972198389322
1658132972295382892
1658132972394615550
1658132972496246374
1658132972595494470
1658132972696980419
1658132972796252544
1658132972897182050
1658132972996961070
1658132973098865451
1658132973197640749
1658132973293705112
1658132973393715945
1658132973495614669
1658132973594412591
1658132973695575710
1658132973795256118
1658132973898182779
1658132973995981869
1658132974097119798
1658132974197160105
1658132974293270090
1658132974394299641
1658132974495185488
1658132974595008306
1658132974696275641
1658132974796503661
1658132974896099659
1658132974996539155
1658132975098200173
1658132975197258546
1658132975293219428
1658132975394125014
1658132975494646280
1658132975596990906
1658132975695270313
1658132975795854973
1658132975896391304
1658132975996366207
1658132976096844851
1658132976198199152
1658132976293316531
1658132976393990529
1658132976494255867
1658132976594637367
1658132976695006701
1658132976796169291
1658132976895769145
1658132976996127572
1658132977096788972
1658132977199122989
1658132977293897213
1658132977393688255
1658132977494114981
1658132977594471097
1658132977695086067
1658132977795281918
1658132977895828388
1658132977996127861
1658132978097081410
1658132978198351720
1658132978293199349
1658132978394660548
1658132978494955764
1658132978595580988
1658132978696608174
1658132978796171194
1658132978896382743
1658132978996899287
1658132979097153163
1658132979197505674
1658132979293094709
1658132979394945633
1658132979494820178
1658132979595517266
1658132979695539649
1658132979795876150
1658132979896556870
1658132979996631578
1658132980097055395
1658132980197348209
1658132980293248652
1658132980394319568
1658132980494860791
1658132980596006288
1658132980695527734
1658132980796865011
1658132980896207691
1658132980996603661
1658132981096991918
1658132981197344079
1658132981293282288
1658132981394305882
1658132981494441235
1658132981594715872
1658132981695200556
1658132981795540533
1658132981895937056
1658132981996259014
1658132982096603479
1658132982197316317
1658132982293003868
1658132982393768567
1658132982495133843
1658132982594512516
1658132982694910511
1658132982796013331
1658132982895648341
1658132982996193058
1658132983096587201
1658132983196761224
1658132983293182885
1658132983393810360
1658132983493895464
1658132983594352413
1658132983694783248
1658132983795085853
1658132983895927030
1658132983995830384
1658132984096098247
1658132984197150619
1658132984292983046
1658132984393436514
1658132984493962741
1658132984594201150
1658132984694671370
1658132984794932183
1658132984895201858
1658132984995601512
1658132985095961187
1658132985196357092
1658132985292988570
1658132985394274735
1658132985494861739
1658132985595302124
1658132985695390666
1658132985795626655
1658132985896468517
1658132985996360015
1658132986096706426
1658132986197115499
1658132986292858429
1658132986394135621
1658132986494363817
1658132986594751658
1658132986695853515
1658132986795544578
1658132986895945117
1658132986996684111
1658132987096765102
1658132987196893176
1658132987292810532
1658132987393784872
1658132987494259457
1658132987594545136
1658132987695060449
1658132987795651990
1658132987895714636
1658132987996269660
1658132988096547063
1658132988196679534
1658132988292833574
1658132988393626894
1658132988493984689
1658132988594341607
1658132988695529696
1658132988795134187
1658132988895785028
1658132988996533618
1658132989096150661
1658132989196519502
1658132989292936978
1658132989393082998
1658132989493515436
1658132989594071476
1658132989694206334
1658132989794730331
1658132989895285287
1658132989995426692
1658132990096584555
1658132990196135036
1658132990292820256
1658132990393303891
1658132990493646660
1658132990595912245
1658132990695211079
1658132990794611907
1658132990894979829
1658132990995413560
1658132991095893459
1658132991196232740
1658132991292640815
1658132991394024411
1658132991496500638
1658132991594764273
1658132991695143760
1658132991796028764
1658132991896520898
1658132991996226901
1658132992097001385
1658132992197217018
1658132992293382381
1658132992394040972
1658132992494185481
1658132992594621642
1658132992695578937
1658132992797282737
1658132992897975197
1658132992996103105
1658132993096474512
1658132993197045522
1658132993292570468
1658132993393778078
1658132993494577083
1658132993594575579
1658132993694993607
1658132993795509475
1658132993896210502
1658132993995985097
1658132994097034978
1658132994196637572
1658132994292741106
1658132994394527705
1658132994494039974
1658132994594405859
1658132994694750469
1658132994795551751
1658132994895537062
1658132994997258480
1658132995096580322
1658132995196833043
1658132995292624171
1658132995393320992
1658132995493767865
1658132995596171985
1658132995694306230
1658132995796012350
1658132995895311402
1658132995995970663
1658132996095840414
1658132996197050194
1658132996293022871
1658132996393785634
1658132996493433227
1658132996594740623
1658132996694189355
1658132996796815331
1658132996895122387
1658132996995355627
1658132997095918063
1658132997198510543
1658132997292544171
1658132997392931527
1658132997493273561
1658132997594287734
1658132997694318297
1658132997795187001
1658132997894680080
1658132997996276121
1658132998095538712
1658132998196632118
1658132998294754945
1658132998393836583
1658132998494153614
1658132998595271708
1658132998694855212
1658132998795986570
1658132998895597719
1658132998995863975
1658132999096316341
1658132999197329131
1658132999293146752
1658132999393957279
1658132999494001692
1658132999594172975
1658132999694884123
1658132999794986117
1658132999895487617
1658132999996341196
1658133000096192618
1658133000196555136
1658133000294979490
1658133000393481598
1658133000493657530
1658133000595769917
1658133000694571815
1658133000794988012
1658133000896672381
1658133000995502570
1658133001098800386
1658133001196480837
1658133001292915018
1658133001393324789
1658133001494562054
1658133001593969766
1658133001697030272
1658133001794599791
1658133001897108536
1658133001995297878
1658133002097522825
1658133002196213205
1658133002292782042
1658133002392888903
1658133002493620293
1658133002593655155
1658133002694444137
1658133002796128077
1658133002895551897
1658133002995374315
1658133003096194556
1658133003196155848
1658133003292331202
1658133003395071803
1658133003493215339
1658133003594260482
1658133003693727235
1658133003794183920
1658133003895170776
1658133003997251200
1658133004095562263
1658133004195665281
1658133004292292276
1658133004393209309
1658133004493115711
1658133004593361722
1658133004693712864
1658133004794211719
1658133004894489574
1658133004995902142
1658133005095324404
1658133005195608148
1658133005292216977
1658133005393603975
1658133005493673934
1658133005594562728
1658133005694363218
1658133005795718972
1658133005895197266
1658133005995604717
1658133006096053222
1658133006196301610
1658133006292151148
1658133006393368486
1658133006493532713
1658133006594094314
1658133006694364342
1658133006794562831
1658133006894868614
1658133006995287871
1658133007095647662
1658133007195985766
1658133007293082750
1658133007392864570
1658133007493375501
1658133007594397922
1658133007694167626
1658133007794624073
1658133007894977742
1658133007995480165
1658133008095606017
1658133008196269299
1658133008292202121
1658133008392899364
1658133008492930655
1658133008593189717
1658133008693635776
1658133008793956839
1658133008894274904
1658133008994804452
1658133009095097234
1658133009195441397
1658133009292396976
1658133009392657926
1658133009492920412
1658133009593298864
1658133009693709184
1658133009793912315
1658133009894335194
1658133009994725688
1658133010095390460
1658133010195385392
1658133010291999852
1658133010393317945
1658133010493674467
1658133010594057344
1658133010695173066
1658133010794724730
1658133010895039771
1658133010995544029
1658133011095919302
1658133011196197918
1658133011291966249
1658133011393103505
1658133011493764524
1658133011593815357
1658133011694162809
1658133011794627346
1658133011895056232
1658133011995331395
1658133012096175550
1658133012195957867
1658133012291958532
1658133012392911646
1658133012493507650
1658133012593693650
1658133012694115553
1658133012794642695
1658133012894800148
1658133012995036010
1658133013095492019
1658133013195896712
1658133013291754483
1658133013392676472
1658133013493235987
1658133013593372452
1658133013693719103
1658133013794434244
1658133013894504435
1658133013994922034
1658133014095663935
1658133014195618546
1658133014291845377
1658133014392707651
1658133014492813207
1658133014593261796
1658133014693974880
1658133014793969326
1658133014894494421
1658133014994750479
1658133015095089508
1658133015195963461
1658133015291710932
1658133015392341179
1658133015492723748
1658133015593006832
1658133015693596072
1658133015793862934
1658133015894662333
1658133015996079684
1658133016094887645
1658133016195170933
1658133016291765746
1658133016393084848
1658133016493491974
1658133016594858272
1658133016694239282
1658133016794558765
1658133016895405258
1658133016995343848
1658133017095677757
1658133017196669836
1658133017291626431
1658133017393703364
1658133017495053442
1658133017593665089
1658133017694115239
1658133017794379959
1658133017895224016
1658133017995271310
1658133018095571588
1658133018195913784
1658133018293127822
1658133018392767357
1658133018493076742
1658133018593422251
1658133018695615688
1658133018794237364
1658133018894827151
1658133018995053854
1658133019097365459
1658133019195640163
1658133019291573848
1658133019392576048
1658133019493523240
1658133019593293697
1658133019693670436
1658133019793914853
1658133019895068602
1658133019995113278
1658133020095013406
1658133020195357021
1658133020291800237
1658133020393627939
1658133020492542283
1658133020593620469
1658133020693546749
1658133020794139384
1658133020894330271
1658133020994562713
1658133021095189949
1658133021195290198
1658133021291512810
1658133021392299796
1658133021492720209
1658133021594719398
1658133021693546835
1658133021793736729
1658133021894108038
1658133021995135618
1658133022094819701
1658133022195413856
1658133022291546394
1658133022395166286
1658133022493334151
1658133022593791457
1658133022693959910
1658133022795661547
1658133022894739904
1658133022995079698
1658133023095514622
1658133023196058996
1658133023291482561
1658133023395810119
1658133023493048262
1658133023593439897
1658133023694358036
1658133023794944672
1658133023894669294
1658133023994919562
1658133024095195240
1658133024196585519
1658133024291884546
1658133024393364686
1658133024493169075
1658133024593221814
1658133024693663143
1658133024794635825
1658133024894361413
1658133024994732003
1658133025095155953
1658133025197008256
1658133025293662311
1658133025392338932
1658133025492873846
1658133025593691703
1658133025693988208
1658133025793706646
1658133025894283109
1658133025994883810
1658133026095382255
1658133026195373275
1658133026293376166
1658133026392020021
1658133026494500428
1658133026592774988
1658133026693849190
1658133026793987977
1658133026894334189
1658133026994293074
1658133027096535666
1658133027195022980
1658133027291350188
1658133027391896135
1658133027494543155
1658133027592938219
1658133027694845533
1658133027793481250
1658133027895519203
1658133027994116690
1658133028096449511
1658133028194843444
1658133028291993382
1658133028393088231
1658133028493560976
1658133028593574046
1658133028695456029
1658133028794116241
1658133028896966410
1658133028995123617
1658133029097752878
1658133029195580570
1658133029291739534
1658133029394227396
1658133029493219072
1658133029593836684
1658133029693990092
1658133029793972553
1658133029895355059
1658133029994626630
1658133030095623449
1658133030195401872
1658133030291158613
1658133030392370477
1658133030492654400
1658133030593063569
1658133030693844586
1658133030796255721
1658133030894223171
1658133030994715934
1658133031095026588
1658133031196972385
1658133031291295826
1658133031392540610
1658133031492481972
1658133031592785395
1658133031693234347
1658133031793599440
1658133031893944252
1658133031996382160
1658133032094727285
1658133032194986556
1658133032291089127
1658133032391962132
1658133032492361902
1658133032592602546
1658133032693421988
1658133032793397378
1658133032894037097
1658133032994064973
1658133033094673066
1658133033195235310
1658133033291081734
1658133033391571741
1658133033492009875
1658133033592400554
1658133033693273040
1658133033824349492
1658133033893556040
1658133033993835726
1658133034094201748
1658133034194475852
1658133034291294565
1658133034391865474
1658133034491962701
1658133034592841374
1658133034692829307
1658133034793171347
1658133034893804787
1658133034993871271
1658133035094114015
1658133035194659819
1658133035291213012
1658133035392679227
1658133035492940663
1658133035593099314
1658133035693632497
1658133035793799769
1658133035894256221
1658133035994808255
1658133036094976095
1658133036195441907
1658133036290997065
1658133036392052651
1658133036492497462
1658133036593187621
1658133036693198006
1658133036793612645
1658133036893917424
1658133036994388457
1658133037094652945
1658133037195098894
1658133037290905612
1658133037391962765
1658133037492419007
1658133037592596707
1658133037693586521
1658133037793332244
1658133037893805034
1658133037994251542
1658133038094495914
1658133038194833842
1658133038290972982
1658133038391965627
1658133038492590535
1658133038592430914
1658133038692872051
1658133038793461508
1658133038893581671
1658133038993834192
1658133039094215807
1658133039194608471
1658133039291030479
1658133039392046853
1658133039491844524
1658133039592443966
1658133039692614082
1658133039792961616
1658133039893392997
1658133039993673855
1658133040094020743
1658133040194642796
1658133040290801062
1658133040391641859
1658133040491599484
1658133040592012966
1658133040692862101
1658133040792730090
1658133040893182233
1658133040993526505
1658133041093881350
1658133041194235297
1658133041290802525
1658133041392118481
1658133041492770408
1658133041593096714
1658133041694990089
1658133041793568330
1658133041893967068
1658133041994277033
1658133042094790764
1658133042194994283
1658133042290767753
1658133042392320079
1658133042492321942
1658133042592598565
1658133042693159505
1658133042793342074
1658133042893943398
1658133042993986148
1658133043094411539
1658133043194885960
1658133043292352335
1658133043391689622
1658133043492420759
1658133043592418297
1658133043692976844
1658133043793174563
1658133043893529641
1658133043993855360
1658133044094415942
1658133044194613059
1658133044290742286
1658133044391712358
1658133044491908352
1658133044594602859
1658133044692537575
1658133044792970263
1658133044893384331
1658133044993692054
1658133045095951002
1658133045195270379
1658133045290451918
1658133045391246733
1658133045492599997
1658133045592131781
1658133045692474351
1658133045792839606
1658133045893245072
1658133045995739606
1658133046094509618
1658133046194227339
1658133046291211253
1658133046391048360
1658133046491317212
1658133046594299883
1658133046692295072
1658133046794042107
1658133046893074800
1658133046993377220
1658133047093671521
1658133047194154737
1658133047290453575
1658133047394035752
1658133047492336150
1658133047593521504
1658133047693031032
1658133047793401870
1658133047893642235
1658133047994986974
1658133048094543306
1658133048195592949
1658133048290855712
1658133048392915634
1658133048491963660
1658133048595008197
1658133048692828120
1658133048793145471
1658133048893487442
1658133048996264055
1658133049094263526
1658133049195240787
1658133049290374896
1658133049391874434
1658133049492074578
1658133049592425443
1658133049692687965
1658133049795676840
1658133049893528103
1658133049993985294
1658133050094368434
1658133050195801390
1658133050290495751
1658133050391216486
1658133050491760324
1658133050591964369
1658133050692407044
1658133050794786522
1658133050893161927
1658133050994298557
1658133051093852398
1658133051194175866
1658133051290613483
1658133051391173089
1658133051491554445
1658133051591916537
1658133051692217395
1658133051792645369
1658133051893643861
1658133051993285160
1658133052093729929
1658133052194617051
1658133052292222632
1658133052390888050
1658133052492705159
1658133052591559445
1658133052693779819
1658133052792457118
1658133052893980272
1658133052993251922
1658133053093778823
1658133053193823648
1658133053291125652
1658133053390737068
1658133053493297523
1658133053591981700
1658133053694199324
1658133053792276415
1658133053894517925
1658133053992968281
1658133054095336574
1658133054194183560
1658133054290659623
1658133054391537372
1658133054492172969
1658133054593639873
1658133054693008865
1658133054792999340
1658133054895564344
1658133054993673749
1658133055094835652
1658133055194425811
1658133055290826522
1658133055391320289
1658133055491714340
1658133055593909284
1658133055693218914
1658133055792839053
1658133055894198816
1658133055993746276
1658133056094140560
1658133056196579509
1658133056290960932
1658133056391459593
1658133056491540406
1658133056592141837
1658133056692911904
1658133056794931426
1658133056892942658
1658133056993549515
1658133057093698027
1658133057196310810
1658133057291069842
1658133057390772693
1658133057491288179
1658133057591689316
1658133057691969885
1658133057792455302
1658133057892994905
1658133057993131638
1658133058093497312
1658133058193870242
1658133058290334926
1658133058391894836
1658133058491074304
1658133058591433695
1658133058692672196
1658133058792238256
1658133058892481352
1658133058993201574
1658133059093325970
1658133059193698035
1658133059289949127
1658133059390471092
1658133059490847152
1658133059591222929
1658133059691675873
1658133059792090782
1658133059892408243
1658133059992875513
1658133060093215257
1658133060193609663
1658133060289963619
1658133060392373289
1658133060491631648
1658133060592039387
1658133060692857577
1658133060792828562
1658133060893083135
1658133060993549486
1658133061093869798
1658133061194648523
1658133061290147220
1658133061391170080
1658133061491853054
1658133061591907202
1658133061692271647
1658133061792637241
1658133061893026798
1658133061993606822
1658133062094254435
1658133062194312938
1658133062290225621
1658133062390905507
1658133062491323964
1658133062591767893
1658133062692047426
1658133062792427685
1658133062893576922
1658133062993937457
1658133063093496238
1658133063193860145
1658133063289785513
1658133063390699659
1658133063491464535
1658133063591593401
1658133063691793668
1658133063794439451
1658133063892593816
1658133063992910293
1658133064093403524
1658133064194007123
1658133064289956070
1658133064390532381
1658133064490886473
1658133064593610661
1658133064691732024
1658133064791966408
1658133064893082513
1658133064995069904
1658133065093236151
1658133065193511050
1658133065289771636
1658133065390388325
1658133065490843941
1658133065592083985
1658133065691522659
1658133065793131487
1658133065892282457
1658133065992769817
1658133066092882283
1658133066194007945
1658133066290095295
1658133066390546323
1658133066490515501
1658133066591228650
1658133066691245263
1658133066792379701
1658133066892205814
1658133066992348035
1658133067092874782
1658133067193958847
1658133067292248341
1658133067391459156
1658133067491659702
1658133067592070484
1658133067692613938
1658133067792708372
1658133067893074508
1658133067994216686
1658133068093808829
1658133068194130018
1658133068292039940
1658133068390804838
1658133068493178855
1658133068591619887
1658133068693591246
1658133068792268425
1658133068893017244
1658133068992969711
1658133069094473036
1658133069193615355
1658133069291424913
1658133069390672692
1658133069491693289
1658133069591454031
1658133069694483525
1658133069792087627
1658133069893803431
1658133069993771898
1658133070095341017
1658133070193523292
1658133070289707618
1658133070390462423
1658133070491293405
1658133070591565179
1658133070691777410
1658133070792196691
1658133070892912287
1658133070992644523
1658133071092974568
1658133071194257682
1658133071289523971
1658133071390177687
1658133071491025459
1658133071591279323
1658133071691270029
1658133071793321730
1658133071892703467
1658133071992408546
1658133072093307199
1658133072193141098
1658133072289454415
1658133072392216938
1658133072490585184
1658133072590702212
1658133072692049572
1658133072792288498
1658133072892016467
1658133072992859045
1658133073092530604
1658133073192904635
1658133073289411182
1658133073391194129
1658133073491151218
1658133073591617464
1658133073691979860
1658133073792356455
1658133073892708175
1658133073993816347
1658133074093710636
1658133074193808404
1658133074289464904
1658133074390869882
1658133074492693825
1658133074591521560
1658133074692072974
1658133074792141737
1658133074892601189
1658133074993006184
1658133075093323101
1658133075193510558
1658133075289584284
1658133075390600319
1658133075491163676
1658133075591316385
1658133075691671756
1658133075792720972
1658133075892575294
1658133075992828915
1658133076093745057
1658133076193485018
1658133076289734030
1658133076390181545
1658133076490503437
1658133076591030555
1658133076691661707
1658133076791710325
1658133076892072269
1658133076992424188
1658133077092815361
1658133077193178378
1658133077289370677
1658133077389928212
1658133077491173727
1658133077590749690
1658133077691147596
1658133077791521516
1658133077891930860
1658133077992545558
1658133078093015362
1658133078193145908
1658133078289406637
1658133078389774066
1658133078490233456
1658133078590493563
1658133078690913095
1658133078791277426
1658133078891881818
1658133078992022573
1658133079092670612
1658133079193450793
1658133079289222014
1658133079390625606
1658133079491501487
1658133079591854379
1658133079691717268
1658133079792136867
1658133079892491600
1658133079993063766
1658133080093161981
1658133080193609362
1658133080289219383
1658133080390486601
1658133080490718384
1658133080591628462
1658133080691587158
1658133080791914331
1658133080892490948
1658133080992798807
1658133081093193879
1658133081193391756
1658133081289413565
1658133081390218418
1658133081490572110
1658133081590974758
1658133081691341478
1658133081791812738
1658133081892114650
1658133081993043040
1658133082092747574
1658133082193216682
1658133082289135895
1658133082389996339
1658133082490357528
1658133082590919841
1658133082691514802
1658133082791564618
1658133082891851763
1658133082992333108
1658133083092704797
1658133083192994282
1658133083289065772
1658133083389873586
1658133083490254102
1658133083591808122
1658133083691226524
1658133083791426869
1658133083891713004
1658133083995007255
1658133084093203567
1658133084192791012
1658133084289332345
1658133084389671650
1658133084491659332
1658133084590492567
1658133084690909400
1658133084791091211
1658133084892009791
1658133084991876620
1658133085092985618
1658133085192587984
1658133085289802129
1658133085389979548
1658133085489814579
1658133085590193486
1658133085690798962
1658133085792838949
1658133085891512531
1658133085991770958
1658133086092281543
1658133086192826769
1658133086289335829
1658133086392206156
1658133086491164219
1658133086591144074
1658133086691340326
1658133086793387002
1658133086893698986
1658133086992541711
1658133087092993659
1658133087193256676
1658133087289367263
1658133087390659791
1658133087490605179
1658133087590879515
1658133087691320367
1658133087793918207
1658133087892504246
1658133087992454407
1658133088092733475
1658133088193076754
1658133088288987252
1658133088390684209
1658133088490769851
1658133088591963614
1658133088691046971
1658133088791657849
1658133088891788566
1658133088994011992
1658133089092561182
1658133089193908262
1658133089288838123
1658133089392093707
1658133089490097023
1658133089590494782
1658133089691010989
1658133089793727175
1658133089892056548
1658133089993679103
1658133090092458305
1658133090192799636
1658133090292179000
1658133090389742312
1658133090489853717
1658133090590552412
1658133090690668237
1658133090791505822
1658133090891348883
1658133090992546040
1658133091092117215
1658133091194725594
1658133091289721548
1658133091389243866
1658133091489749340
1658133091590868381
1658133091690378058
1658133091790732467
1658133091891155298
1658133091991508337
1658133092091950011
1658133092192380148
1658133092288984056
1658133092390768136
1658133092490766378
1658133092590874437
1658133092691841252
1658133092791949545
1658133092892205204
1658133092992525773
1658133093092708205
1658133093193074697
1658133093290657911
1658133093389937727
1658133093492221602
1658133093590760745
1658133093691765912
1658133093791547787
1658133093891828719
1658133093992148030
1658133094092489797
1658133094192943160
1658133094289283894
1658133094389781998
1658133094491626011
1658133094589651895
1658133094692229216
1658133094790533929
1658133094892994263
1658133094991490868
1658133095093295773
1658133095192055410
1658133095288986490
1658133095389671616
1658133095490870442
1658133095592009785
1658133095691640958
1658133095791035028
1658133095892146341
1658133095991881552
1658133096094389917
1658133096192540915
1658133096288481041
1658133096389350466
1658133096489956793
1658133096590169548
1658133096690573837
1658133096792194819
1658133096891781953
1658133096991944947
1658133097093040392
1658133097192294766
1658133097288438616
1658133097390774034
1658133097490277734
1658133097589832274
1658133097690190347
1658133097791045759
1658133097891011154
1658133097991311979
1658133098091704315
1658133098192045400
1658133098288615159
1658133098388922294
1658133098489246705
1658133098589646290
1658133098690467748
1658133098791021038
1658133098890830173
1658133098991212439
1658133099091741101
1658133099193565769
1658133099288290525
1658133099389749253
1658133099490725979
1658133099590442768
1658133099690884675
1658133099791292083
1658133099891635160
1658133099992164616
1658133100092439616
1658133100192973832
1658133100288277140
1658133100388643991
1658133100489334579
1658133100589586123
1658133100689900212
1658133100790708484
1658133100891057563
1658133100991164552
1658133101091691505
1658133101191948001
1658133101288538392
1658133101389556615
1658133101490423087
1658133101590449097
1658133101690924033
1658133101791436053
1658133101891416856
1658133101991762543
1658133102092267799
1658133102192257671
1658133102288220473
1658133102389747172
1658133102489586866
1658133102589934349
1658133102690834791
1658133102790669308
1658133102891101615
1658133102991731379
1658133103091894880
1658133103192192718
1658133103288193253
1658133103389106856
1658133103489369676
1658133103589657957
1658133103690097165
1658133103790882962
1658133103891446544
1658133103991228657
1658133104091861797
1658133104192002058
1658133104288187114
1658133104388715214
1658133104489236301
1658133104589486079
1658133104690573978
1658133104790363089
1658133104891524945
1658133104991146379
1658133105091508075
1658133105191895370
1658133105288083550
1658133105389487310
1658133105490381168
1658133105590503592
1658133105690701005
1658133105791878438
1658133105891710648
1658133105991802456
1658133106092158623
1658133106192572909
1658133106288371022
1658133106389453899
1658133106489928218
1658133106590175592
1658133106690586666
1658133106791307922
1658133106891382313
1658133106991892169
1658133107092142198
1658133107192849170
1658133107288028858
1658133107389274853
1658133107489593423
1658133107590061720
1658133107690343414
1658133107790993102
1658133107891290285
1658133107992011243
1658133108091944356
1658133108192301079
1658133108288029301
1658133108389025990
1658133108489330851
1658133108590865075
1658133108690175252
1658133108790497734
1658133108890901216
1658133108991227139
1658133109091617128
1658133109192432634
1658133109288096958
1658133109388853976
1658133109489307407
1658133109589584624
1658133109689911496
1658133109790283720
1658133109890793594
1658133109991370366
1658133110091431313
1658133110191840684
1658133110288268876
1658133110388624169
1658133110488942343
1658133110589377752
1658133110689739466
1658133110790152541
1658133110890555658
1658133110990965339
1658133111091527469
1658133111191894990
1658133111287912906
1658133111389208351
1658133111491343494
1658133111589243644
1658133111689945605
1658133111789870860
1658133111890333451
1658133111991009627
1658133112090978858
1658133112191340051
1658133112287945423
1658133112391659843
1658133112491722605
1658133112590022206
1658133112690407168
1658133112790768437
1658133112892253160
1658133112991511582
1658133113091939991
1658133113192285007
1658133113288377834
1658133113389462074
1658133113489431078
1658133113590089350
1658133113691998468
1658133113790585776
1658133113891145889
1658133113991346625
1658133114093375549
1658133114192196865
1658133114287809408
1658133114388858395
1658133114489158629
1658133114589586388
1658133114690737484
1658133114790623880
1658133114890687131
1658133114991056368
1658133115092143051
1658133115193841549
1658133115288226363
1658133115388906263
1658133115489112820
1658133115589627522
1658133115689779522
1658133115790566922
1658133115890547467
1658133115990915877
1658133116091766593
1658133116191849451
1658133116287899512
1658133116388521706
1658133116489373870
1658133116591326393
1658133116689926655
1658133116790167885
1658133116890512070
1658133116991896511
1658133117091499185
1658133117191684865
1658133117287620393
1658133117388209862
1658133117488696869
1658133117591334735
1658133117689434131
1658133117789661008
1658133117890573203
1658133117992313263
1658133118090946828
1658133118193559005
1658133118287807440
1658133118389160538
1658133118490163185
1658133118591716848
1658133118690314712
1658133118790774768
1658133118891005785
1658133118993639048
1658133119091758645
1658133119192099749
1658133119287825297
1658133119389264281
1658133119489468144
1658133119590755875
1658133119690242372
1658133119790534260
1658133119891241812
1658133119991963274
1658133120091610898
1658133120193742051
1658133120289309171
1658133120388947618
1658133120489461122
1658133120590125739
1658133120690210390
1658133120790384732
1658133120890746924
1658133120991011577
1658133121091411248
1658133121192426116
1658133121290930894
1658133121388737826
1658133121490237254
1658133121589742308
1658133121690534540
1658133121790130407
1658133121891323007
1658133121990814847
1658133122091345775
1658133122192078957
1658133122289951493
1658133122388332966
1658133122490973270
1658133122589195323
1658133122691930764
1658133122789978712
1658133122892315666
1658133122990970462
1658133123092916227
1658133123191434344
1658133123288245550
1658133123388279950
1658133123489317973
1658133123590005693
1658133123689888175
1658133123789842459
1658133123890901605
1658133123990481911
1658133124093817179
1658133124191181745
1658133124287518712
1658133124389955201
1658133124488473985
1658133124588790268
1658133124689837681
1658133124789513713
1658133124890219080
1658133124991221927
1658133125091049515
1658133125190959392
1658133125287730786
1658133125390865075
1658133125489567746
1658133125589691954
1658133125689971564
1658133125791726666
1658133125891265454
1658133125991220447
1658133126091794318
1658133126191905231
1658133126287557311
1658133126389248860
1658133126489042447
1658133126589417498
1658133126689915832
1658133126790639167
1658133126890822192
1658133126991033760
1658133127091418358
1658133127192498088
1658133127287921198
1658133127388378388
1658133127489396603
1658133127589220286
1658133127689786999
1658133127790432686
1658133127890351759
1658133127990706017
1658133128091253608
1658133128191422563
1658133128287466837
1658133128388224998
1658133128488534128
1658133128589156191
1658133128689465998
1658133128789816970
1658133128891160816
1658133128990658655
1658133129091010407
1658133129191244099
1658133129287338746
1658133129388189961
1658133129488649414
1658133129588975271
1658133129689187889
1658133129789524072
1658133129889907714
1658133129990936212
1658133130090678704
1658133130191096508
1658133130287383713
1658133130387765419
1658133130488039919
1658133130588757629
1658133130688847462
1658133130789409689
1658133130889729106
1658133130990103003
1658133131090466126
1658133131191104280
1658133131287302110
1658133131389003791
1658133131489133053
1658133131589340415
1658133131689819484
1658133131790253233
1658133131890669283
1658133131991673194
1658133132091331152
1658133132191649455
1658133132287491235
1658133132388484421
1658133132488915995
1658133132589483738
1658133132689683222
1658133132789876070
1658133132890194147
1658133132990575148
1658133133091367531
1658133133191791831
1658133133287236021
1658133133388501518
1658133133488476836
1658133133588913279
1658133133690361446
1658133133789652660
1658133133890033828
1658133133991870734
1658133134090866298
1658133134191416997
1658133134287180773
1658133134388329862
1658133134488528590
1658133134588836404
1658133134689364289
1658133134789780520
1658133134890235721
1658133134990212813
1658133135091222821
1658133135191067037
1658133135286994486
1658133135387819213
1658133135488448679
1658133135588698077
1658133135688875870
1658133135789217102
1658133135889601380
1658133135990004316
1658133136090325139
1658133136191613456
1658133136286929639
1658133136387506535
1658133136488098089
1658133136588427719
1658133136688566927
1658133136789062275
1658133136889276224
1658133136989710795
1658133137090139009
1658133137190485880
1658133137286889063
1658133137388657854
1658133137488685694
1658133137590593549
1658133137689430156
1658133137789853073
1658133137890170032
1658133137990553597
1658133138090917017
1658133138191258364
1658133138287225843
1658133138388107126
1658133138489336681
1658133138588962437
1658133138689283389
1658133138789649676
1658133138889972958
1658133138990920935
1658133139090627923
1658133139191066805
1658133139286997978
1658133139390222662
1658133139488286364
1658133139588696766
1658133139688890710
1658133139790816025
1658133139892140568
1658133139990256968
1658133140090545528
1658133140191079822
1658133140286934678
1658133140388851292
1658133140488063846
1658133140588473392
1658133140689586665
1658133140791337042
1658133140889560126
1658133140989919139
1658133141090280904
1658133141191338161
1658133141288867297
1658133141387532727
1658133141487985884
1658133141588321137
1658133141688763483
1658133141789237784
1658133141889285020
1658133141989655819
1658133142091425633
1658133142190464128
1658133142286668406
1658133142387924960
1658133142487653165
1658133142589151004
1658133142688604247
1658133142789925432
1658133142889198141
1658133142989527864
1658133143089908461
1658133143192363782
1658133143286821033
1658133143387245252
1658133143488395101
1658133143590254161
1658133143688433324
1658133143789354044
1658133143889156328
1658133143991715819
1658133144089848539
1658133144192379417
1658133144287021806
1658133144388238055
1658133144488415729
1658133144590246322
1658133144689144152
1658133144791600311
1658133144889884582
1658133144990231645
1658133145090462408
1658133145194191070
1658133145287205338
1658133145387662590
1658133145488324434
1658133145588398815
1658133145688894040
1658133145789772300
1658133145889672521
1658133145989931408
1658133146090231650
1658133146190692376
1658133146286720650
1658133146387427108
1658133146488563479
1658133146588304649
1658133146688800450
1658133146789044754
1658133146889356354
1658133146990518767
1658133147090152880
1658133147190412375
1658133147286431123
1658133147387252083
1658133147488914374
1658133147588040810
1658133147689210220
1658133147788758311
1658133147889346170
1658133147989451096
1658133148090313881
1658133148190208604
1658133148286614262
1658133148388324338
1658133148489606813
1658133148587759655
1658133148690730788
1658133148788535352
1658133148890649522
1658133148989585395
1658133149091569519
1658133149190019695
1658133149286471430
1658133149386989855
1658133149488306869
1658133149587610171
1658133149687964594
1658133149790082550
1658133149888769264
1658133149989087052
1658133150092166524
1658133150189734248
1658133150286396039
1658133150388165273
1658133150487228785
1658133150587484311
1658133150688018496
1658133150789143862
1658133150889024034
1658133150989031385
1658133151089697587
1658133151189664451
1658133151286599464
1658133151387527276
1658133151488327804
1658133151588527672
1658133151688757614
1658133151791118600
1658133151889751566
1658133151989689264
1658133152090173587
1658133152192138693
1658133152286332527
1658133152387370274
1658133152487618430
1658133152588116238
1658133152688624082
1658133152788853203
1658133152889293293
1658133152991994127
1658133153089951906
1658133153190442187
1658133153286337432
1658133153387139001
1658133153488024297
1658133153588163532
1658133153688182070
1658133153788670974
1658133153889606584
1658133153990250250
1658133154089683986
1658133154190053814
1658133154286574496
1658133154386948162
1658133154487296525
1658133154587897771
1658133154688120631
1658133154788588205
1658133154888780430
1658133154989177855
1658133155089572370
1658133155190668750
1658133155286237201
1658133155386723814
1658133155487082986
1658133155587385156
1658133155687741085
1658133155788234073
1658133155888575066
1658133155988919381
1658133156089495259
1658133156189586811
1658133156286810628
1658133156387548397
1658133156488006557
1658133156588351174
1658133156688817927
1658133156789345100
1658133156889677761
1658133156990121632
1658133157090382149
1658133157190705014
1658133157286132466
1658133157387284120
1658133157487667598
1658133157588093074
1658133157688921619
1658133157788817076
1658133157889274741
1658133157989824881
1658133158090157333
1658133158190545437
1658133158286876106
1658133158387375595
1658133158487435627
1658133158587848502
1658133158688202267
1658133158788568829
1658133158889052299
1658133158989491949
1658133159089860509
1658133159190289550
1658133159286192035
1658133159386969443
1658133159487271033
1658133159587738999
1658133159688155917
1658133159788401347
1658133159889032959
1658133159989256225
1658133160089843689
1658133160190094860
1658133160286247629
1658133160386704850
1658133160487485043
1658133160587483412
1658133160688010015
1658133160788341722
1658133160888660103
1658133160989130131
1658133161089459254
1658133161189830159
1658133161286052357
1658133161387032078
1658133161486808715
1658133161587225700
1658133161687575911
1658133161788190973
1658133161888351951
1658133161988786824
1658133162089171365
1658133162190197841
1658133162286411491
1658133162387495682
1658133162487912974
1658133162588043285
1658133162688545695
1658133162789464079
1658133162889199220
1658133162989536211
1658133163090526150
1658133163190316505
1658133163285901718
1658133163387125146
1658133163487491176
1658133163587845637
1658133163688478936
1658133163788677119
1658133163889468433
1658133163989423692
1658133164089768604
1658133164190243733
1658133164286062949
1658133164386969461
1658133164487675674
1658133164587564113
1658133164688073545
1658133164788373406
1658133164888804156
1658133164989348993
1658133165089699441
1658133165190173754
1658133165286241792
1658133165386294360
1658133165486641131
1658133165587014158
1658133165688846899
1658133165787773873
1658133165888869267
1658133165988457548
1658133166089363927
1658133166190194095
1658133166285827228
1658133166386457207
1658133166489149461
1658133166587287111
1658133166687659903
1658133166787960598
1658133166890183169
1658133166988771661
1658133167089203203
1658133167189409646
1658133167286773556
1658133167386308627
1658133167486625845
1658133167587221156
1658133167688155656
1658133167788006563
1658133167888398338
1658133167988758691
1658133168089593521
1658133168189507925
1658133168285869988
1658133168387424511
1658133168487888211
1658133168588065091
1658133168688573840
1658133168788951889
1658133168889051324
1658133168989938868
1658133169090248163
1658133169190132074
1658133169285691345
1658133169386855242
1658133169487268164
1658133169589527468
1658133169687990493
1658133169788412025
1658133169888805242
1658133169990770117
1658133170089412194
1658133170189911116
1658133170285723328
1658133170389821198
1658133170487105817
1658133170587367019
1658133170687832943
1658133170790293396
1658133170888623599
1658133170989070053
1658133171089628454
1658133171212478614
1658133171286105516
1658133171387334734
1658133171487057694
1658133171587410249
1658133171688055620
1658133171788968494
1658133171888573812
1658133171989771561
1658133172089207554
1658133172192002171
1658133172286407605
1658133172386145130
1658133172487134811
1658133172587069173
1658133172687743915
1658133172787760850
1658133172888156186
1658133172988853455
1658133173088927997
1658133173189958960
1658133173287637929
1658133173386129732
1658133173486511516
1658133173586737232
1658133173689499547
1658133173787611977
1658133173888022122
1658133173988250140
1658133174089299936
1658133174189101043
1658133174287637500
1658133174386824014
1658133174488706958
1658133174587630062
1658133174688518867
1658133174788656371
1658133174889659657
1658133174989152283
1658133175089451944
1658133175189753542
1658133175286163266
1658133175386658012
1658133175489165542
1658133175587367362
1658133175689011218
1658133175788210958
1658133175890645753
1658133175988898146
1658133176090930809
1658133176189673770
1658133176285737445
1658133176387063628
1658133176487901757
1658133176587119750
1658133176688017539
1658133176788003168
1658133176889021001
1658133176989106234
1658133177091108603
1658133177189568091
1658133177285372338
1658133177386262322
1658133177486705109
1658133177587035558
1658133177688079616
1658133177787727484
1658133177888434575
1658133177991048157
1658133178089178799
1658133178189824364
1658133178285510602
1658133178387816743
1658133178486913679
1658133178586665293
1658133178687223068
1658133178790085154
1658133178887709058
1658133178988246181
1658133179088550284
1658133179190831920
1658133179285578264
1658133179385732758
1658133179486341512
1658133179586520755
1658133179686921771
1658133179787269755
1658133179887844826
1658133179988049271
1658133180088443587
1658133180190988819
1658133180286002313
1658133180386808296
1658133180486929358
1658133180587290185
1658133180687655173
1658133180788022946
1658133180888610518
1658133180988866461
1658133181089154324
1658133181189675841
1658133181285448170
1658133181385629331
1658133181486224689
1658133181586287998
1658133181686706847
1658133181788619208
1658133181887488462
1658133181987882688
1658133182088152576
1658133182188676830
1658133182285319512
1658133182386203238
1658133182486625216
1658133182586963704
1658133182687342467
1658133182787714063
1658133182888733077
1658133182988295364
1658133183088777662
1658133183189218014
1658133183285253580
1658133183385996295
1658133183486403847
1658133183586839371
1658133183687554049
1658133183787340593
1658133183887825896
1658133183988359447
1658133184088627667
1658133184189126264
1658133184285304473
1658133184385831505
1658133184486234143
1658133184587163201
1658133184686860377
1658133184787184991
1658133184887483946
1658133184987937302
1658133185088290143
1658133185188822322
1658133185285085619
1658133185386505493
1658133185486950382
1658133185587198654
1658133185687661290
1658133185788091294
1658133185888421493
1658133185989092016
1658133186089072401
1658133186189591772
1658133186285366815
1658133186386371294
1658133186486687905
1658133186587072077
1658133186687506842
1658133186788152947
1658133186888091989
1658133186988623791
1658133187088894472
1658133187189213527
1658133187285010245
1658133187386490667
1658133187486621727
1658133187587098058
1658133187687691369
1658133187787699948
1658133187888290919
1658133187988436422
1658133188088735461
1658133188189293535
1658133188285097892
1658133188386024594
1658133188487555820
1658133188586584282
1658133188687023908
1658133188787423697
1658133188887781672
1658133188988654642
1658133189088557231
1658133189188895498
1658133189285597670
1658133189385730076
1658133189486078040
1658133189586439883
1658133189686911537
1658133189787501375
1658133189887951099
1658133189987907141
1658133190088306062
1658133190188657478
1658133190284929530
1658133190386052447
1658133190485821812
1658133190586235451
1658133190686672248
1658133190786899869
1658133190887348150
1658133190987926902
1658133191088315975
1658133191188625533
1658133191284854376
1658133191388601918
1658133191486679530
1658133191587002795
1658133191687339318
1658133191787974370
1658133191888239591
1658133191988486470
1658133192089139042
1658133192189223728
1658133192285024831
1658133192386073025
1658133192486452412
1658133192586892189
1658133192688547823
1658133192787720234
1658133192888276045
1658133192988361533
1658133193088771480
1658133193189061409
1658133193284756275
1658133193385801707
1658133193488442531
1658133193586535099
1658133193686862354
1658133193787783787
1658133193889573400
1658133193988104464
1658133194088856850
1658133194188873582
1658133194284859117
1658133194385974290
1658133194485920073
1658133194586352359
1658133194687447002
1658133194787170865
1658133194887514015
1658133194987855014
1658133195089435018
1658133195188794081
1658133195284934735
1658133195385815749
1658133195486003415
1658133195587201487
1658133195686661949
1658133195787024590
1658133195887299745
1658133195987682483
1658133196088321528
1658133196188375496
1658133196285108707
1658133196385173819
1658133196485475329
1658133196587543312
1658133196686256879
1658133196786866391
1658133196887060477
1658133196989346343
1658133197087852335
1658133197188169306
1658133197284603181
1658133197386091355
1658133197486487577
1658133197589170849
1658133197687477328
1658133197787523504
1658133197887886704
1658133197990607704
1658133198088548592
1658133198189006011
1658133198284713277
1658133198386724175
1658133198486361832
1658133198586480477
1658133198687036863
1658133198789785130
1658133198887625417
1658133198987946672
1658133199088770654
1658133199190218368
1658133199284690491
1658133199386333308
1658133199486198478
1658133199586486018
1658133199687223340
1658133199788067581
1658133199887707258
1658133199988056066
1658133200088337920
1658133200190501820
1658133200286124446
1658133200385488771
1658133200485927909
1658133200586395668
1658133200687675901
1658133200787152462
1658133200887457979
1658133200987659015
1658133201090661463
1658133201188419058
1658133201286741813
1658133201385333596
1658133201487457547
1658133201585913622
1658133201687663585
1658133201788572215
1658133201906817051
1658133201990354667
1658133202087727550
1658133202189271340
1658133202285511968
1658133202384905206
1658133202487548108
1658133202585695126
1658133202688132337
1658133202786367716
1658133202889353460
1658133202987100859
1658133203089685038
1658133203187934442
1658133203284358780
1658133203385829855
1658133203486637421
1658133203586494576
1658133203687649390
1658133203787292171
1658133203890062452
1658133203988180696
1658133204088507936
1658133204189117547
1658133204284431310
1658133204385535355
1658133204485883609
1658133204588284377
1658133204687168099
1658133204787293142
1658133204887420186
1658133204988468452
1658133205088590753
1658133205188597850
1658133205284319972
1658133205385931996
1658133205485653448
1658133205585990609
1658133205687238527
1658133205786820595
1658133205887335393
1658133205987672985
1658133206087814560
1658133206188363670
1658133206284529572
1658133206385132872
1658133206485614858
1658133206586950133
1658133206686492368
1658133206786557084
1658133206886924945
1658133206987365167
1658133207087693698
1658133207188180633
1658133207284209571
1658133207385563359
1658133207485391480
1658133207585710650
1658133207686027785
1658133207786399682
1658133207886969836
1658133207987376991
1658133208087382466
1658133208187823936
1658133208284264958
1658133208384718234
1658133208485293148
1658133208585674831
1658133208685807918
1658133208786375189
1658133208886470338
1658133208986977754
1658133209087752825
1658133209187633144
1658133209284222742
1658133209385808062
1658133209485895615
1658133209586210489
1658133209686554609
1658133209786912466
1658133209887271146
1658133209987753589
1658133210087990602
1658133210188400850
1658133210284142105
1658133210385254722
1658133210485896181
1658133210586098714
1658133210686578575
1658133210786745086
1658133210887197127
1658133210987560956
1658133211088071095
1658133211188257919
1658133211284303347
1658133211385022705
1658133211485425822
1658133211585830651
1658133211686105939
1658133211786787825
1658133211887546713
1658133211987499679
1658133212087521777
1658133212188478186
1658133212284062136
1658133212384828939
1658133212485400859
1658133212585630041
1658133212686199778
1658133212786643386
1658133212886650244
1658133212987141771
1658133213087538747
1658133213187703654
1658133213284605739
1658133213384705296
1658133213485331875
1658133213585365499
1658133213685706536
1658133213786181583
1658133213886604575
1658133213987062724
1658133214087381751
1658133214187959376
1658133214283984421
1658133214384425891
1658133214484807883
1658133214585216882
1658133214685527779
1658133214785895235
1658133214886807146
1658133214987074984
1658133215087512051
1658133215187441133
1658133215286674176
1658133215385263132
1658133215485644723
1658133215585962057
1658133215686353951
1658133215786697694
1658133215887056482
1658133215987838381
1658133216087864380
1658133216188654270
1658133216284477914
1658133216384964193
1658133216485573040
1658133216585816959
1658133216686210473
1658133216786464697
1658133216886823701
1658133216987217659
1658133217087791905
1658133217188174113
1658133217283874106
1658133217384846390
1658133217485192319
1658133217585551854
1658133217686251634
1658133217786285839
1658133217886577991
1658133217987706388
1658133218087369459
1658133218187738809
1658133218284142582
1658133218384651303
1658133218485107822
1658133218585342504
1658133218685685467
1658133218786036746
1658133218886395359
1658133218986848934
1658133219087227482
1658133219187807666
1658133219283737103
1658133219384755352
1658133219484744932
1658133219587428557
1658133219685718852
1658133219785798599
1658133219886402276
1658133219986581813
1658133220087019836
1658133220187370128
1658133220283750738
1658133220385332312
1658133220487819232
1658133220585941382
1658133220686240964
1658133220786974118
1658133220888324337
1658133220987458262
1658133221087982981
1658133221188016058
1658133221283963824
1658133221386161535
1658133221485314032
1658133221585682081
1658133221688064769
1658133221786428598
1658133221886928860
1658133221987346658
1658133222089302141
1658133222187926813
1658133222283733035
1658133222384783440
1658133222485282274
1658133222585553407
1658133222685877548
1658133222786190586
1658133222887191761
1658133222987038563
1658133223087389087
1658133223187658232
1658133223283773778
1658133223386135930
1658133223484913240
1658133223585259469
1658133223685617251
1658133223786929343
1658133223886433362
1658133223986662826
1658133224087108575
1658133224187490885
1658133224284708693
1658133224386618668
1658133224484728479
1658133224585721352
1658133224685665099
1658133224787919427
1658133224886261555
1658133224986523356
1658133225087081155
1658133225188408045
1658133225283571504
1658133225384214434
1658133225484569713
1658133225587187428
1658133225685385683
1658133225785676979
1658133225885965663
1658133225989044437
1658133226086662195
1658133226187055703
1658133226283558735
1658133226385954581
1658133226485473636
1658133226585978614
1658133226686118386
1658133226788794893
1658133226886655261
1658133226987100134
1658133227087502357
1658133227190022589
1658133227285194710
1658133227384888419
1658133227485414844
1658133227585866807
1658133227686266981
1658133227787014237
1658133227887000149
1658133227987244841
1658133228087569359
1658133228189643257
1658133228285386972
1658133228384502239
1658133228484990892
1658133228585341194
1658133228686628690
1658133228786282856
1658133228886356507
1658133228986682880
1658133229087180582
1658133229187464000
1658133229284366766
1658133229384599314
1658133229486290466
1658133229585028403
1658133229686143132
1658133229785845139
1658133229887216624
1658133229986469941
1658133230088465105
1658133230187688303
1658133230284139566
1658133230384127934
1658133230485852018
1658133230584887478
1658133230687545783
1658133230786025005
1658133230886673086
1658133230986519898
1658133231088856887
1658133231187342074
1658133231283705438
1658133231383858389
1658133231484406270
1658133231586260254
1658133231685465996
1658133231785395478
1658133231885869933
1658133231987974744
1658133232086665359
1658133232186827050
1658133232283665385
1658133232384712315
1658133232485472456
1658133232585448831
1658133232685828346
1658133232786483377
1658133232886962529
1658133232987183165
1658133233087825700
1658133233188070299
1658133233283580984
1658133233384630885
1658133233485049537
1658133233588068633
1658133233685744195
1658133233786155896
1658133233886521060
1658133233986862386
1658133234087280001
1658133234187825081
1658133234283172957
1658133234384246919
1658133234485179009
1658133234585031666
1658133234685434858
1658133234785829520
1658133234886109441
1658133234986483233
1658133235087032216
1658133235187305403
1658133235283140283
1658133235384074601
1658133235484469634
1658133235584976300
1658133235685406304
1658133235785598619
1658133235886143299
1658133235986287508
1658133236086622796
1658133236187059564
1658133236283126871
1658133236383859763
1658133236484847352
1658133236584566241
1658133236684973924
1658133236785471314
1658133236885702363
1658133236986090136
1658133237086656321
1658133237186837075
1658133237283202238
1658133237383867763
1658133237484108608
1658133237584864819
1658133237684807086
1658133237785229933
1658133237885594281
1658133237985985902
1658133238086297991
1658133238186621260
1658133238283302248
1658133238384537277
1658133238484882478
1658133238585316345
1658133238685647856
1658133238786055850
1658133238886321395
1658133238987368123
1658133239087060293
1658133239187432100
1658133239283044301
1658133239384160024
1658133239484615034
1658133239585244696
1658133239685421589
1658133239785754470
1658133239886129941
1658133239986462462
1658133240089421281
1658133240187189604
1658133240283016074
1658133240384030506
1658133240484581333
1658133240584800222
1658133240685789480
1658133240785523627
1658133240885876437
1658133240986237293
1658133241086621414
1658133241187029719
1658133241283448922
1658133241384023416
1658133241484494950
1658133241584717274
1658133241685153071
1658133241785486926
1658133241885883699
1658133241986351010
1658133242086916165
1658133242186907943
1658133242282922256
1658133242383656615
1658133242483933836
1658133242586015592
1658133242684886784
1658133242785169565
1658133242885454482
1658133242985904278
1658133243086209150
1658133243186572057
1658133243283365182
1658133243383447060
1658133243484483051
1658133243584139307
1658133243684512483
1658133243784937509
1658133243885366523
1658133243985715095
1658133244086378917
1658133244186502000
1658133244283043750
1658133244384158688
1658133244484555702
1658133244584948179
1658133244685372277
1658133244785812782
1658133244886278595
1658133244986388006
1658133245086804918
1658133245187733935
1658133245282811065
1658133245384262115
1658133245484812788
1658133245586363100
1658133245685175283
1658133245785531506
1658133245886036480
1658133245986303296
1658133246086551005
1658133246186981897
1658133246283246126
1658133246383823591
1658133246484337488
1658133246584951022
1658133246685001184
1658133246785356835
1658133246885785345
1658133246986139171
1658133247086694679
1658133247186957522
1658133247282800487
1658133247383622280
1658133247483957498
1658133247584343432
1658133247686414524
1658133247785015054
1658133247885457613
1658133247986985966
1658133248086415828
1658133248186557225
1658133248282664897
1658133248383370727
1658133248485693064
1658133248584115323
1658133248684508443
1658133248784917804
1658133248886949959
1658133248985673225
1658133249086341647
1658133249186417208
1658133249282940940
1658133249383728697
1658133249483561918
1658133249583926886
1658133249685052702
1658133249784779254
1658133249885049197
1658133249985511166
1658133250086962876
1658133250186336400
1658133250282598913
1658133250383968168
1658133250484737409
1658133250584854119
1658133250685093195
1658133250785657803
1658133250885751679
1658133250987806619
1658133251087893492
1658133251186932178
1658133251282461589
1658133251384142585
1658133251484202854
1658133251586083067
1658133251684931610
1658133251785193476
1658133251885625866
1658133251987718457
1658133252086329655
1658133252186761675
1658133252282612976
1658133252386225763
1658133252484424905
1658133252584822271
1658133252684725303
1658133252787628373
1658133252885432680
1658133252985818718
1658133253086186922
1658133253188458856
1658133253282528398
1658133253383341640
1658133253483817353
1658133253586425508
1658133253684517781
1658133253784844248
1658133253885252457
1658133253986403492
1658133254085919469
1658133254186336479
1658133254282548832
1658133254383289503
1658133254485199364
1658133254583895120
1658133254684424797
1658133254785179161
1658133254885076142
1658133254986207005
1658133255086401169
1658133255186137494
1658133255283194889
1658133255383446035
1658133255483559828
1658133255583824363
1658133255684257481
1658133255784658924
1658133255885073847
1658133255985694711
1658133256085797556
1658133256186448335
1658133256284288194
1658133256383897930
1658133256484739623
1658133256584540437
1658133256686812153
1658133256785327680
1658133256885732350
1658133256986099656
1658133257086400426
1658133257186691234
1658133257282889171
1658133257383662539
1658133257485947429
1658133257584276152
1658133257686223692
1658133257785050403
1658133257886938350
1658133257985884927
1658133258087710256
1658133258186662504
1658133258282668738
1658133258383320895
1658133258484377715
1658133258584627736
1658133258686675447
1658133258784822524
1658133258887419727
1658133258985485500
1658133259087295843
1658133259186289151
1658133259282312072
1658133259383249198
1658133259484149470
1658133259584078273
1658133259684719995
1658133259784481598
1658133259885832009
1658133259985269362
1658133260086197703
1658133260185972647
1658133260282101859
1658133260385472269
1658133260483685980
1658133260583778383
1658133260684665392
1658133260786885589
1658133260884951241
1658133260985706711
1658133261085588479
1658133261185826609
1658133261282075989
1658133261383118108
1658133261483059554
1658133261583529234
1658133261683986220
1658133261784651241
1658133261884791721
1658133261985079154
1658133262085235537
1658133262185797546
1658133262282142733
1658133262382899935
1658133262482930104
1658133262583426312
1658133262684256160
1658133262784098062
1658133262884317366
1658133262984768973
1658133263085102003
1658133263185461989
1658133263281964864
1658133263383330043
1658133263483740818
1658133263584245034
1658133263684449803
1658133263784829688
1658133263885263256
1658133263985497142
1658133264086190505
1658133264186221195
1658133264282238028
1658133264383170245
1658133264483489948
1658133264583890975
1658133264684299208
1658133264784640621
1658133264885126250
1658133264985590222
1658133265085776502
1658133265186031052
1658133265282054897
1658133265382839481
1658133265483341924
1658133265583583410
1658133265683999300
1658133265784845171
1658133265884929976
1658133265985242836
1658133266085787400
1658133266185963548
1658133266282029716
1658133266382896558
1658133266483123820
1658133266583593300
1658133266683952389
1658133266784300181
1658133266884550377
1658133266985185253
1658133267085311711
1658133267185656742
1658133267281879100
1658133267382438335
1658133267483111613
1658133267583152096
1658133267683543942
1658133267783946072
1658133267884398323
1658133267984844464
1658133268085276308
1658133268185591500
1658133268281841508
1658133268382277073
1658133268482625149
1658133268583001076
1658133268683374397
1658133268783666513
1658133268884551787
1658133268984529815
1658133269084924416
1658133269186739420
1658133269281796864
1658133269383013173
1658133269483446402
1658133269583781838
1658133269684254112
1658133269784599091
1658133269884979529
1658133269985305708
1658133270085620330
1658133270185960492
1658133270281802686
1658133270382233704
1658133270482378695
1658133270583637285
1658133270683226587
1658133270783610137
1658133270883875380
1658133270984291846
1658133271084788101
1658133271185177523
1658133271281643201
1658133271382874378
1658133271483101494
1658133271583760133
1658133271683827136
1658133271784077675
1658133271884600993
1658133271985370599
1658133272085294943
1658133272185730036
1658133272282033829
1658133272382438466
1658133272484463858
1658133272583329912
1658133272683557414
1658133272784030179
1658133272884394050
1658133272984711598
1658133273085438891
1658133273185424775
1658133273281579952
1658133273384720584
1658133273482678513
1658133273582877663
1658133273683360661
1658133273783857203
1658133273884187286
1658133273984593100
1658133274085015886
1658133274185633669
1658133274281764690
1658133274381975489
1658133274482343152
1658133274582673744
1658133274684798742
1658133274783531447
1658133274883872835
1658133274984332992
1658133275086805189
1658133275185052924
1658133275281453767
1658133275383194513
1658133275485154313
1658133275583676137
1658133275684038779
1658133275784407739
1658133275886449352
1658133275985242824
1658133276085487933
1658133276185788041
1658133276281480039
1658133276382705877
1658133276483298395
1658133276583492995
1658133276683876965
1658133276786830869
1658133276884653178
1658133276985016650
1658133277085581509
1658133277186205528
1658133277284246303
1658133277382504260
1658133277482856959
1658133277583234680
1658133277683648914
1658133277784734332
1658133277885476722
1658133277984699906
1658133278085544662
1658133278186487434
1658133278281505426
1658133278382199631
1658133278482823407
1658133278585269341
1658133278683418823
1658133278783767143
1658133278884120769
1658133278986976208
1658133279084849683
1658133279185274980
1658133279281708051
1658133279384480903
1658133279482529921
1658133279583245755
1658133279683199222
1658133279786073678
1658133279884025143
1658133279984612147
1658133280084641585
1658133280187510635
1658133280281496512
1658133280381854075
1658133280482335208
1658133280582880037
1658133280683318034
1658133280783286905
1658133280883724109
1658133280986653745
1658133281084547181
1658133281184775153
1658133281281863689
1658133281382671350
1658133281483274072
1658133281583417117
1658133281683789804
1658133281784928899
1658133281884660582
1658133281984857612
1658133282085416059
1658133282185731717
1658133282281839577
1658133282382505360
1658133282483271675
1658133282583244108
1658133282684051713
1658133282783991577
1658133282884387199
1658133282985134633
1658133283085107014
1658133283185879473
1658133283281879874
1658133283382630090
1658133283484206713
1658133283583086044
1658133283684531245
1658133283783823637
1658133283885825446
1658133283984629720
1658133284086711271
1658133284185365203
1658133284282116978
1658133284382160735
1658133284484650745
1658133284582815013
1658133284686004293
1658133284783509703
1658133284885784603
1658133284984437554
1658133285086671223
1658133285185052488
1658133285281216170
1658133285382216991
1658133285482836070
1658133285582619572
1658133285683619179
1658133285783418587
1658133285884372724
1658133285984236983
1658133286086646823
1658133286184965663
1658133286281084586
1658133286381809428
1658133286482097016
1658133286582558491
1658133286683064161
1658133286784016209
1658133286883918564
1658133286983895324
1658133287084248654
1658133287186845831
1658133287280963159
1658133287381419898
1658133287482289707
1658133287582124465
1658133287682615190
1658133287783309037
1658133287883381503
1658133287983706105
1658133288084087560
1658133288184399919
1658133288282236074
1658133288382834866
1658133288482732073
1658133288583013216
1658133288683518680
1658133288786182640
1658133288884629109
1658133288984568409
1658133289084873674
1658133289185335347
1658133289280999912
1658133289382168932
1658133289482697885
1658133289583240096
1658133289683389106
1658133289783617573
1658133289883922390
1658133289984339913
1658133290084669741
1658133290185024827
1658133290281513914
1658133290381834518
1658133290482242668
1658133290582789854
1658133290682941284
1658133290783354924
1658133290884022524
1658133290984090489
1658133291084493869
1658133291185080272
1658133291280824375
1658133291381717584
1658133291482153674
1658133291582476671
1658133291682825870
1658133291783213606
1658133291883558801
1658133291984034089
1658133292084423348
1658133292184674228
1658133292280904977
1658133292381513916
1658133292481828846
1658133292582252952
1658133292682749490
1658133292783158091
1658133292883503852
1658133292984084822
1658133293084380697
1658133293184450491
1658133293280745846
1658133293381320502
1658133293481657323
1658133293581982520
1658133293682752983
1658133293782786216
1658133293883150437
1658133293983861538
1658133294084115884
1658133294184405148
1658133294281406395
1658133294382069247
1658133294482430551
1658133294582845901
1658133294683288892
1658133294783621931
1658133294884195398
1658133294984391482
1658133295084738745
1658133295185157115
1658133295281201989
1658133295382874661
1658133295482375333
1658133295582797405
1658133295683235198
1658133295783587795
1658133295884083180
1658133295984314641
1658133296084854934
1658133296185198889
1658133296281124173
1658133296381720880
1658133296482216339
1658133296582439299
1658133296682861637
1658133296783483091
1658133296883655183
1658133296983873374
1658133297084363137
1658133297184640032
1658133297280608741
1658133297381551886
1658133297481839194
1658133297582230650
1658133297682608416
1658133297782976360
1658133297883370334
1658133297983774896
1658133298084108637
1658133298184868174
1658133298280730012
1658133298381257847
1658133298482611544
1658133298582019491
1658133298682474344
1658133298783247238
1658133298883204699
1658133298983737006
1658133299084054741
1658133299184707088
1658133299280804457
1658133299381223671
1658133299481695362
1658133299582195506
1658133299682490528
1658133299782770630
1658133299885274062
1658133299983619902
1658133300084232805
1658133300183992292
1658133300280676047
1658133300383783389
1658133300482342703
1658133300582629642
1658133300683523321
1658133300783524405
1658133300883816991
1658133300984461627
1658133301084513696
1658133301185615051
1658133301283374474
1658133301381693409
1658133301482359524
1658133301582434795
1658133301684685592
1658133301783282578
1658133301883808805
1658133301983968246
1658133302085963789
1658133302184691317
1658133302280597083
1658133302382175306
1658133302481899729
1658133302584280004
1658133302682745835
1658133302783285809
1658133302883416561
1658133302984595965
1658133303084421430
1658133303184728801
1658133303280412145
1658133303381394752
1658133303481852395
1658133303582161301
1658133303682392888
1658133303783032857
1658133303883305995
1658133303983685098
1658133304084367382
1658133304184305377
1658133304280411313
1658133304384083417
1658133304481575535
1658133304581878068
1658133304682287821
1658133304783459392
1658133304882946489
1658133304983299091
1658133305083660880
1658133305185860745
1658133305280474878
1658133305380880325
1658133305481712764
1658133305581640318
1658133305681937318
1658133305783868683
1658133305882880348
1658133305983290959
1658133306083783478
1658133306184906962
1658133306281915015
1658133306380721226
1658133306481058283
1658133306581468732
1658133306682627239
1658133306782204081
1658133306882990530
1658133306982861602
1658133307083296115
1658133307186560924
1658133307281728373
1658133307381468119
1658133307482412140
1658133307582256015
1658133307682676693
1658133307783033144
1658133307883731487
1658133307983715187
1658133308084172125
1658133308184775637
1658133308281384951
1658133308381478563
1658133308482259974
1658133308582600310
1658133308682806120
1658133308782852786
1658133308883305412
1658133308983637060
1658133309085338376
1658133309184387017
1658133309282863009
1658133309381134556
1658133309483461574
1658133309581893090
1658133309682238936
1658133309782522800
1658133309884993189
1658133309984448716
1658133310085250253
1658133310184074212
1658133310280617233
1658133310380999317
1658133310481550479
1658133310583507938
1658133310682525909
1658133310782511558
1658133310884649108
1658133310983176825
1658133311085437003
1658133311183975454
1658133311280120502
1658133311383198530
1658133311481207208
1658133311581431272
1658133311682185016
1658133311782238494
1658133311883077961
1658133311983130268
1658133312084189062
1658133312183705875
1658133312280354168
1658133312380861558
1658133312481074978
1658133312581228507
1658133312681657038
1658133312783085117
1658133312882401106
1658133312985263376
1658133313084249523
1658133313183372085
1658133313280013717
1658133313381344848
1658133313481715326
1658133313582780061
1658133313682846585
1658133313782843284
1658133313883250235
1658133313983589061
1658133314083956334
1658133314184816858
1658133314280049795
1658133314381164395
1658133314482266253
1658133314581905286
1658133314682561097
1658133314782750659
1658133314883016781
1658133314983365604
1658133315084031539
1658133315184253403
1658133315280021651
1658133315381188072
1658133315481640539
1658133315581714084
1658133315682110295
1658133315782446230
1658133315882848826
1658133315983230333
1658133316083560127
1658133316184428484
1658133316279945273
1658133316380823687
1658133316482293227
1658133316581587394
1658133316681973401
1658133316782875027
1658133316882640753
1658133316983079118
1658133317083520725
1658133317183775400
1658133317279921860
1658133317380382646
1658133317480696784
1658133317581167168
1658133317681585602
1658133317781827073
1658133317882700874
1658133317982568888
1658133318082897374
1658133318183326058
1658133318279995253
1658133318380502247
1658133318480974758
1658133318581082880
1658133318681538285
1658133318781954710
1658133318882241600
1658133318982818630
1658133319083177558
1658133319183398330
1658133319281432848
1658133319381402635
1658133319481728750
1658133319582369623
1658133319682488260
1658133319782945596
1658133319884073735
1658133319983564672
1658133320083975823
1658133320184378893
1658133320279947893
1658133320381144534
1658133320481578699
1658133320581867823
1658133320682295391
1658133320782689593
1658133320883003618
1658133320983441162
1658133321085460504
1658133321184097227
1658133321279971121
1658133321380999334
1658133321481504648
1658133321581913265
1658133321682349633
1658133321782511551
1658133321882907840
1658133321983236807
1658133322083694011
1658133322184172792
1658133322279846260
1658133322380808630
1658133322481172899
1658133322581525206
1658133322682146855
1658133322782313556
1658133322882619318
1658133322983091117
1658133323083390598
1658133323183755272
1658133323279819835
1658133323380678352
1658133323481080032
1658133323581397058
1658133323681700792
1658133323782193440
1658133323882614607
1658133323982851328
1658133324084329022
1658133324183608813
1658133324279817827
1658133324380360395
1658133324480806465
1658133324581253104
1658133324681601040
1658133324781982362
1658133324882490324
1658133324982647661
1658133325083029348
1658133325183427356
1658133325279663767
1658133325380154035
1658133325482366381
1658133325580841906
1658133325681471594
1658133325781651161
1658133325882050565
1658133325982445961
1658133326082895081
1658133326183128326
1658133326279750336
1658133326381663742
1658133326481393596
1658133326581822198
1658133326682280648
1658133326784969045
1658133326882983932
1658133326983442606
1658133327083574167
1658133327186108656
1658133327280973491
1658133327380202111
1658133327480823923
1658133327580748708
1658133327682957317
1658133327781549319
1658133327882077368
1658133327982438906
1658133328084511476
1658133328183055567
1658133328279856114
1658133328380030236
1658133328480978415
1658133328580780964
1658133328681051211
1658133328781438417
1658133328883165592
1658133328982250959
1658133329082552870
1658133329183054203
1658133329279521094
1658133329380480216
1658133329481273945
1658133329581125675
1658133329681663442
1658133329781966667
1658133329882207236
1658133329982686550
1658133330083647690
1658133330183360145
1658133330279669375
1658133330380189901
1658133330480720946
1658133330582279827
1658133330681295788
1658133330781639430
1658133330882263185
1658133330983692765
1658133331082830917
1658133331183202748
1658133331279529183
1658133331382457654
1658133331480443286
1658133331580750442
1658133331681334356
1658133331784057777
1658133331882268580
1658133331982429885
1658133332082736828
1658133332185401637
1658133332279764025
1658133332380920432
1658133332481313886
1658133332584109760
1658133332682124801
1658133332782620447
1658133332882795678
1658133332985581593
1658133333083883762
1658133333183688019
1658133333279520365
1658133333381316360
1658133333481071865
1658133333581452461
1658133333682015220
1658133333782716477
1658133333882544129
1658133333982891470
1658133334083099147
1658133334186085607
1658133334280224074
1658133334380381644
1658133334481208267
1658133334581229812
1658133334683129257
1658133334781930963
1658133334882433113
1658133334983532775
1658133335084200247
1658133335183273331
1658133335280671917
1658133335380172938
1658133335482202614
1658133335581365050
1658133335681518335
1658133335781680119
1658133335884283320
1658133335982337338
1658133336082739905
1658133336183549810
1658133336281676350
1658133336380068011
1658133336482505800
1658133336580841919
1658133336683720206
1658133336781602605
1658133336883695953
1658133336983038675
1658133337083904080
1658133337182985995
1658133337279861396
1658133337380209910
1658133337481589132
1658133337580552120
1658133337681527292
1658133337781344821
1658133337882373090
1658133337982081912
1658133338084580841
1658133338182659035
1658133338279202398
1658133338380741606
1658133338481485649
1658133338581248942
1658133338682465747
1658133338782069903
1658133338882821412
1658133338982604875
1658133339084176083
1658133339183390444
1658133339279126385
1658133339382305025
1658133339480834187
1658133339580979383
1658133339681389970
1658133339782885468
1658133339882566029
1658133339982562671
1658133340083313886
1658133340183422365
1658133340279169207
1658133340380140566
1658133340480470248
1658133340580883530
1658133340681466367
1658133340781743623
1658133340881864840
1658133340984962343
1658133341082715280
1658133341182898355
1658133341279044668
1658133341379866551
1658133341480184569
1658133341581219398
1658133341680918891
1658133341781421489
1658133341881702583
1658133341982140396
1658133342082369250
1658133342182757228
1658133342279507956
1658133342379660327
1658133342480027915
1658133342581177533
1658133342680801652
1658133342781182298
1658133342881819815
1658133342981752495
1658133343082611045
1658133343182560045
1658133343278839140
1658133343379599693
1658133343479913116
1658133343580190100
1658133343681305229
1658133343780918545
1658133343881301822
1658133343981660547
1658133344082039739
1658133344182543706
1658133344279014306
1658133344380400460
1658133344480857146
1658133344581020163
1658133344681385390
1658133344781741075
1658133344881986712
1658133344982431328
1658133345083227958
1658133345183135969
1658133345278828226
1658133345380253562
1658133345480472226
1658133345580845542
1658133345681468343
1658133345781578055
1658133345881963592
1658133345982730819
1658133346082594663
1658133346183016581
1658133346278777865
1658133346379915040
1658133346480264502
1658133346580653665
1658133346680945149
1658133346781696955
1658133346881723465
1658133346982045662
1658133347083077590
1658133347182791215
1658133347278812033
1658133347379754720
1658133347480309018
1658133347580599140
1658133347680802097
1658133347781409974
1658133347881509201
1658133347981846609
1658133348082128776
1658133348182986796
1658133348278737275
1658133348379414077
1658133348480435432
1658133348580184816
1658133348680581184
1658133348781061216
1658133348881302137
1658133348981658411
1658133349082387533
1658133349182335778
1658133349278669068
1658133349379209749
1658133349479582511
1658133349580295916
1658133349680465658
1658133349780876856
1658133349881549222
1658133349981669258
1658133350081968412
1658133350182317495
1658133350278839103
1658133350381083796
1658133350480417113
1658133350580841192
1658133350681193556
1658133350781510114
1658133350881946962
1658133350982398321
1658133351082649993
1658133351182968234
1658133351278711487
1658133351379869873
1658133351480176602
1658133351580611711
1658133351680956944
1658133351781343925
1658133351881802090
1658133351982036477
1658133352082466468
1658133352182771201
1658133352278533882
1658133352380027760
1658133352479930487
1658133352580462141
1658133352681344971
1658133352781156336
1658133352881622058
1658133352981854725
1658133353082260911
1658133353182904081
1658133353278442900
1658133353379350425
1658133353480922077
1658133353580171985
1658133353680510568
1658133353780948368
1658133353881659555
1658133353981696940
1658133354082551061
1658133354182395702
1658133354278574399
1658133354382424322
1658133354479727146
1658133354579996371
1658133354681263415
1658133354781686078
1658133354881236270
1658133354981751395
1658133355081778254
1658133355182246670
1658133355279281236
1658133355379101488
1658133355480028209
1658133355579930009
1658133355680328694
1658133355783452447
1658133355881050805
1658133355981378288
1658133356081685167
1658133356182591913
1658133356280842717
1658133356378963956
1658133356479407370
1658133356579579982
1658133356680697748
1658133356780374340
1658133356880750383
1658133356981140107
1658133357082284630
1658133357181936107
1658133357278483255
1658133357379675282
1658133357480673740
1658133357580535425
1658133357680799346
1658133357781240337
1658133357882042225
1658133357981951132
1658133358082613795
1658133358182633179
1658133358278490922
1658133358380091783
1658133358479927132
1658133358580336148
1658133358680761495
1658133358782285174
1658133358881635417
1658133358982040840
1658133359082413921
1658133359183829521
1658133359278415721
1658133359379356081
1658133359479975715
1658133359582006316
1658133359680649835
1658133359781091324
1658133359881416349
1658133359982874276
1658133360082134866
1658133360182331900
1658133360278433457
1658133360379815061
1658133360479578752
1658133360580410942
1658133360680329735
1658133360783030758
1658133360881111028
1658133360981343082
1658133361081798245
1658133361182826894
1658133361280598904
1658133361378859195
1658133361479383693
1658133361579747362
1658133361680209487
1658133361780894080
1658133361881758766
1658133361981579638
1658133362081488608
1658133362182715255
1658133362280544014
1658133362379867966
1658133362480545907
1658133362581250290
1658133362681965048
1658133362781555906
1658133362881954322
1658133362983424541
1658133363082482771
1658133363182778026
1658133363279884355
1658133363379596840
1658133363480070225
1658133363580311403
1658133363681447160
1658133363781105100
1658133363881573469
1658133363982694193
1658133364083309972
1658133364182653466
1658133364281153123
1658133364378857832
1658133364479446961
1658133364579673268
1658133364682098349
1658133364780275705
1658133364882842797
1658133364980973167
1658133365083673289
1658133365181817101
1658133365278894942
1658133365379973273
1658133365480286377
1658133365579918500
1658133365682550704
1658133365780760312
1658133365883249777
1658133365981406593
1658133366083788883
1658133366182256996
1658133366278544567
1658133366378982548
1658133366479793981
1658133366579699840
1658133366680595077
1658133366780566212
1658133366881313669
1658133366981302560
1658133367082380052
1658133367181872772
1658133367278092275
1658133367381370750
1658133367479059721
1658133367579440934
1658133367679817838
1658133367780149611
1658133367880746678
1658133367980951124
1658133368081232009
1658133368182278620
1658133368278233900
1658133368379518009
1658133368480461328
1658133368580282008
1658133368680703076
1658133368781708772
1658133368881381232
1658133368981782843
1658133369082127831
1658133369182534493
1658133369278031987
1658133369379256189
1658133369479708772
1658133369580000565
1658133369680413247
1658133369781479293
1658133369881561649
1658133369981529518
1658133370081822781
1658133370185789766
1658133370278045295
1658133370379196567
1658133370479500609
1658133370580058034
1658133370680243882
1658133370780730791
1658133370881046587
1658133370981389990
1658133371081739454
1658133371182084791
1658133371278863688
1658133371378939401
1658133371479275179
1658133371579764250
1658133371679974052
1658133371780422935
1658133371880837625
1658133371981278158
1658133372081610085
1658133372181870853
1658133372278007764
1658133372378748737
1658133372479069964
1658133372579403532
1658133372679877929
1658133372780235961
1658133372880591515
1658133372982049578
1658133373081321585
1658133373181631029
1658133373278599404
1658133373378527493
1658133373479089136
1658133373579506201
1658133373679557433
1658133373779975995
1658133373880695580
1658133373980685255
1658133374081578450
1658133374181559729
1658133374277895272
1658133374379494646
1658133374479705175
1658133374580034081
1658133374680846160
1658133374780752369
1658133374881111163
1658133374981525346
1658133375081914758
1658133375182299036
1658133375278130822
1658133375379214215
1658133375479556714
1658133375579936610
1658133375680329434
1658133375780737322
1658133375881049220
1658133375981304397
1658133376082699862
1658133376182204916
1658133376277869336
1658133376379378654
1658133376479293551
1658133376579724263
1658133376680612265
1658133376780376867
1658133376880711539
1658133376981106171
1658133377081487736
1658133377181901346
1658133377277801873
1658133377378659189
1658133377479532594
1658133377579488016
1658133377679757385
1658133377780648395
1658133377880657815
1658133377980964055
1658133378081218067
1658133378181654804
1658133378277954288
1658133378378789545
1658133378478848185
1658133378579197640
1658133378679573194
1658133378779988454
1658133378880597023
1658133378980631380
1658133379081266371
1658133379181748326
1658133379278108693
1658133379378262019
1658133379479153335
1658133379578989405
1658133379679662878
1658133379780020761
1658133379880088824
1658133379980483725
1658133380080901935
1658133380181655242
1658133380278203804
1658133380379018895
1658133380479442773
1658133380581501213
1658133380680187171
1658133380780535676
1658133380880992443
1658133380981445388
1658133381081708841
1658133381182157240
1658133381277594050
1658133381378814696
1658133381481105518
1658133381579654308
1658133381679867873
1658133381780292829
1658133381880729805
1658133381981072325
1658133382081647627
1658133382181724703
1658133382277608006
1658133382380708823
1658133382478958985
1658133382579381291
1658133382680043847
1658133382782705313
1658133382880505097
1658133382981106043
1658133383081228748
1658133383184026908
1658133383279086942
1658133383378330115
1658133383479585573
1658133383579235133
1658133383679825108
1658133383780042967
1658133383880327778
1658133383980745981
1658133384082759822
1658133384181389407
1658133384277838652
1658133384378215110
1658133384478531812
1658133384581331046
1658133384679402432
1658133384779695036
1658133384880095878
1658133384981831346
1658133385080813429
1658133385181614450
1658133385277456171
1658133385378025530
1658133385478845438
1658133385580396288
1658133385679065585
1658133385779850605
1658133385880080196
1658133385981132072
1658133386080977583
1658133386180878765
1658133386277404545
1658133386380767855
1658133386479049095
1658133386579558432
1658133386679989678
1658133386782483057
1658133386881059066
1658133386980982998
1658133387081353878
1658133387182345686
1658133387277440552
1658133387378770617
1658133387479138036
1658133387580269073
1658133387679734795
1658133387780031126
1658133387880420058
1658133387982988184
1658133388081163113
1658133388181480476
1658133388277302858
1658133388379173869
1658133388478685108
1658133388579067112
1658133388679672623
1658133388781442181
1658133388880268134
1658133388980864613
1658133389080990373
1658133389183685336
1658133389279277621
1658133389378061467
1658133389478498891
1658133389578806028
1658133389680127340
1658133389779805158
1658133389880037111
1658133389980336142
1658133390081896053
1658133390180988755
1658133390277201875
1658133390377889501
1658133390479099659
1658133390579351618
1658133390680719031
1658133390779558435
1658133390879873406
1658133390980062870
1658133391081771116
1658133391180782105
1658133391279442936
1658133391377436175
1658133391478057110
1658133391578198466
1658133391680238912
1658133391779049157
1658133391881328337
1658133391979719807
1658133392082351608
1658133392180470465
1658133392277628265
1658133392378621128
1658133392479593806
1658133392579345973
1658133392679561271
1658133392779907028
1658133392882244329
1658133392980640633
1658133393083195810
1658133393182032575
1658133393276992103
1658133393379315482
1658133393479003518
1658133393578934741
1658133393680070070
1658133393779986291
1658133393880047078
1658133393980383675
1658133394081763807
1658133394181176462
1658133394276953596
1658133394378051429
1658133394478495949
1658133394579553469
1658133394680195980
1658133394779476702
1658133394879971782
1658133394980214503
1658133395080684175
1658133395180908408
1658133395276869842
1658133395379678308
1658133395478040432
1658133395578488643
1658133395678905488
1658133395779266832
1658133395880413337
1658133395980839890
1658133396080787386
1658133396180852029
1658133396277038320
1658133396377763461
1658133396478168133
1658133396578426583
1658133396680546088
1658133396779203937
1658133396879553302
1658133396979967698
1658133397080576248
1658133397180549544
1658133397276896175
1658133397377335885
1658133397477812046
1658133397578215960
1658133397678812599
1658133397778883695
1658133397879571073
1658133397979600240
1658133398080044616
1658133398180718939
1658133398276838891
1658133398378144285
1658133398478560428
1658133398578995769
1658133398679410718
1658133398779684137
1658133398880157651
1658133398980594075
1658133399080724577
1658133399181141784
1658133399276683403
1658133399377061232
1658133399477484720
1658133399577909018
1658133399678183144
1658133399778582692
1658133399879118183
1658133399979465256
1658133400079730271
1658133400180284629
1658133400276770140
1658133400377708649
1658133400478287461
1658133400578530236
1658133400678922176
1658133400779686017
1658133400879577667
1658133400979934371
1658133401080365631
1658133401180681543
1658133401276700022
1658133401377608267
1658133401477865228
1658133401578689773
1658133401678672323
1658133401779054220
1658133401879435854
1658133401979792744
1658133402080230606
1658133402180579551
1658133402276922801
1658133402377452233
1658133402477938934
1658133402578481242
1658133402678639855
1658133402778973255
1658133402879383826
1658133402979831018
1658133403080174890
1658133403180533798
1658133403277012661
1658133403376977356
1658133403477341692
1658133403578319512
1658133403677963366
1658133403778462112
1658133403879089091
1658133403979205129
1658133404079495762
1658133404179965047
1658133404276556831
1658133404377957426
1658133404478257913
1658133404578673624
1658133404679693534
1658133404779492896
1658133404879677514
1658133404980549562
1658133405080544162
1658133405180898840
1658133405276524099
1658133405377036467
1658133405477472589
1658133405577945173
1658133405678050101
1658133405778433267
1658133405878833274
1658133405979404840
1658133406079461718
1658133406179942550
1658133406276654429
1658133406378285947
1658133406477843417
1658133406578396402
1658133406679364225
1658133406779034715
1658133406879374160
1658133406980131649
1658133407080166490
1658133407180525589
1658133407276536466
1658133407377327144
1658133407477745877
1658133407578101843
1658133407678378071
1658133407778920185
1658133407879257829
1658133407979541619
1658133408081084528
1658133408180374385
1658133408276587013
1658133408377092964
1658133408477619170
1658133408580234791
1658133408678662827
1658133408778899960
1658133408878960389
1658133408979500471
1658133409079744066
1658133409180703572
1658133409276259440
1658133409376977119
1658133409479468284
1658133409577610807
1658133409677930115
1658133409778538158
1658133409878756506
1658133409979050525
1658133410079984291
1658133410179909263
1658133410277073707
1658133410377725600
1658133410478058979
1658133410578525325
1658133410680706502
1658133410779212578
1658133410879996759
1658133410979951974
1658133411081890306
1658133411180598851
1658133411276379383
1658133411377718450
1658133411478079277
1658133411579133515
1658133411678638703
1658133411778906579
1658133411879361148
1658133411980342053
1658133412080108485
1658133412180430432
1658133412276365114
1658133412377216249
1658133412479457072
1658133412577998107
1658133412678381279
1658133412778770659
1658133412879199106
1658133412980253968
1658133413080058288
1658133413180164963
1658133413276189651
1658133413379316470
1658133413477949884
1658133413577728287
1658133413678244041
1658133413779997704
1658133413878931025
1658133413979594914
1658133414079607178
1658133414180985295
1658133414276250962
1658133414376514460
1658133414477015592
1658133414578144102
1658133414677915266
1658133414777992545
1658133414878422975
1658133414980958091
1658133415079179807
1658133415179485803
1658133415276159335
1658133415377422968
1658133415477807352
1658133415577352933
1658133415677917055
1658133415778936352
1658133415878550917
1658133415979037052
1658133416079350524
1658133416182209715
1658133416276743379
1658133416377456115
1658133416477735376
1658133416578291191
1658133416678653295
1658133416779323900
1658133416879205232
1658133416980398037
1658133417080453138
1658133417180342560
1658133417277303755
1658133417377204399
1658133417479389446
1658133417578104676
1658133417678364586
1658133417778874657
1658133417879185642
1658133417979293497
1658133418079721968
1658133418180139572
1658133418276663985
1658133418376996484
1658133418479934566
1658133418577782560
1658133418680312819
1658133418778487144
1658133418880028110
1658133418979088713
1658133419080613665
1658133419179864181
1658133419276700218
1658133419376703565
1658133419479607272
1658133419577567586
1658133419680075541
1658133419778203698
1658133419880558871
1658133419978938400
1658133420081422938
1658133420179752314
1658133420275869264
1658133420377345662
1658133420478025449
1658133420577487402
1658133420678665594
1658133420778060380
1658133420878932564
1658133420978776559
1658133421079971781
1658133421180153615
1658133421275765496
1658133421376272412
1658133421476749862
1658133421579108482
1658133421678276223
1658133421777917366
1658133421879721345
1658133421978564046
1658133422078881171
1658133422181378539
1658133422275750494
1658133422377113558
1658133422477489075
1658133422577846786
1658133422678305156
1658133422778621898
1658133422878931194
1658133422979354765
1658133423080029870
1658133423180170051
1658133423275599776
1658133423376963217
1658133423477354865
1658133423577700134
1658133423678170933
1658133423778545285
1658133423878974030
1658133423979281041
1658133424079512146
1658133424179784574
1658133424275697645
1658133424376807356
1658133424477093171
1658133424578139458
1658133424678185599
1658133424778161222
1658133424878559590
1658133424978950908
1658133425079515515
1658133425179693267
1658133425275728525
1658133425376563759
1658133425477490298
1658133425577224756
1658133425677576352
1658133425778280913
1658133425878374713
1658133425978708640
1658133426079148935
1658133426179625596
1658133426275643479
1658133426376382514
1658133426476942446
1658133426577099193
1658133426677420091
1658133426777760713
1658133426878069942
1658133426978479915
1658133427078778205
1658133427179287958
1658133427275511885
1658133427376041229
1658133427476687802
1658133427576805287
1658133427677383203
1658133427777559130
1658133427878001865
1658133427978267501
1658133428078642106
1658133428179116656
1658133428276302900
1658133428376941950
1658133428477272358
1658133428578033149
1658133428678067348
1658133428778362141
1658133428878737578
1658133428979274433
1658133429079709126
1658133429180006484
1658133429275773545
1658133429377133908
1658133429478803475
1658133429577891895
1658133429678106438
1658133429779059663
1658133429879439670
1658133429979247892
1658133430079522331
1658133430179754453
1658133430275473920
1658133430376438073
1658133430476884090
1658133430577107265
1658133430677560115
1658133430778304065
1658133430878293163
1658133430978661284
1658133431079846649
1658133431179363113
1658133431275378453
1658133431376810650
1658133431476595752
1658133431577001618
1658133431677315881
1658133431777752290
1658133431878183027
1658133431979104872
1658133432078846903
1658133432179217103
1658133432275409844
1658133432376004976
1658133432476418677
1658133432576799374
1658133432677176679
1658133432777513473
1658133432877951641
1658133432978630164
1658133433078807396
1658133433179292647
1658133433275406305
1658133433375855883
1658133433476193148
1658133433576800173
1658133433676980843
1658133433777307144
1658133433878085835
1658133433978056352
1658133434078530461
1658133434179224807
1658133434275286261
1658133434376638351
1658133434479564023
1658133434577452179
1658133434677782926
1658133434778356309
1658133434878726911
1658133434978999914
1658133435079182688
1658133435179638607
1658133435275749363
1658133435376551164
1658133435478275153
1658133435577349677
1658133435677617262
1658133435778060056
1658133435878463433
1658133435978946739
1658133436079992215
1658133436179406918
1658133436275243838
1658133436378560465
1658133436476628605
1658133436577020977
1658133436678066040
1658133436777790588
1658133436878286509
1658133436978850186
1658133437078858938
1658133437179228920
1658133437276011114
1658133437376078944
1658133437476443690
1658133437576813170
1658133437677177475
1658133437779148827
1658133437878060596
1658133437978264788
1658133438078765676
1658133438179699747
1658133438277594228
1658133438375927289
1658133438476167907
1658133438576639170
1658133438678269067
1658133438777489511
1658133438877867503
1658133438978209247
1658133439079223717
1658133439178828250
1658133439275053185
1658133439375483184
1658133439475895444
1658133439576693220
1658133439676610904
1658133439777434114
1658133439877338907
1658133439979425670
1658133440078348746
1658133440178398134
1658133440275120006
1658133440377306587
1658133440476841015
1658133440577221673
1658133440677578693
1658133440780183302
1658133440878307572
1658133440978718771
1658133441079092497
1658133441181609939
1658133441275349625
1658133441376212590
1658133441476777698
1658133441577048446
1658133441679045146
1658133441777750365
1658133441878385307
1658133441978674704
1658133442080953976
1658133442179224774
1658133442275072278
1658133442376072532
1658133442476402944
1658133442577451320
1658133442677178237
1658133442777526239
1658133442878111135
1658133442979081361
1658133443078767005
1658133443179046078
1658133443275064161
1658133443375973446
1658133443477105150
1658133443576777930
1658133443677136896
1658133443777551250
1658133443877935084
1658133443979061680
1658133444078576261
1658133444178990981
1658133444276912592
1658133444375638990
1658133444477809478
1658133444576642332
1658133444678039829
1658133444777196221
1658133444879243492
1658133444978091278
1658133445078513400
1658133445178668082
1658133445276643126
1658133445375846114
1658133445476790442
1658133445576205974
1658133445676642376
1658133445776949684
1658133445879337381
1658133445978586529
1658133446080029830
1658133446178529869
1658133446274931588
1658133446376303240
1658133446477063066
1658133446577557154
1658133446677823703
1658133446779213433
1658133446878063244
1658133446978480531
1658133447080992769
1658133447179187261
1658133447275148551
1658133447376179771
1658133447476596130
1658133447577685236
1658133447678322215
1658133447777598164
1658133447878561198
1658133447978340088
1658133448078848720
1658133448179859860
1658133448275253280
1658133448376066117
1658133448476310729
1658133448576649139
1658133448677138843
1658133448780411108
1658133448877830937
1658133448978165791
1658133449079043292
1658133449179612483
1658133449274800062
1658133449376063796
1658133449476039191
1658133449576352352
1658133449677086995
1658133449777159496
1658133449877603177
1658133449979165273
1658133450078178862
1658133450178599712
1658133450274720758
1658133450375411470
1658133450475888890
1658133450576931620
1658133450676506113
1658133450777404030
1658133450877481339
1658133450977746902
1658133451078009066
1658133451178480230
1658133451274983268
1658133451375271774
1658133451475660406
1658133451576017649
1658133451676295216
1658133451776788698
1658133451877140496
1658133451977511481
1658133452078389524
1658133452178879786
1658133452274657463
1658133452376043672
1658133452476778742
1658133452577513097
1658133452677184143
1658133452778024263
1658133452877843493
1658133452978233793
1658133453078638652
1658133453178969495
1658133453274709130
1658133453375894865
1658133453476320338
1658133453576685816
1658133453677115523
1658133453777371984
1658133453877862720
1658133453978094506
1658133454078732181
1658133454178816684
1658133454274648515
1658133454375645920
1658133454476240676
1658133454576325121
1658133454676770842
1658133454777067876
1658133454877431698
1658133454977904791
1658133455078163946
1658133455178565836
1658133455274731515
1658133455375507337
1658133455475979610
1658133455576426358
1658133455676500508
1658133455776903757
1658133455877654707
1658133455977866530
1658133456078246620
1658133456178432648
1658133456274517018
1658133456375220367
1658133456475699981
1658133456575918031
1658133456676626104
1658133456776959688
1658133456877231677
1658133456978057415
1658133457077816787
1658133457178103978
1658133457274602252
1658133457375175215
1658133457475793586
1658133457576182621
1658133457676244085
1658133457776682759
1658133457877110246
1658133457977461624
1658133458077774171
1658133458178130642
1658133458274717945
1658133458376373162
1658133458476311759
1658133458576825393
1658133458677189754
1658133458778405259
1658133458877596893
1658133458978211418
1658133459078403783
1658133459179033465
1658133459274391041
1658133459375673334
1658133459476043990
1658133459576400029
1658133459676748424
1658133459777643612
1658133459877472844
1658133459977779452
1658133460079849207
1658133460178726186
1658133460274374757
1658133460375552746
1658133460476047286
1658133460578908114
1658133460676578562
1658133460776846738
1658133460877277100
1658133460977613265
1658133461079242516
1658133461178429786
1658133461274276670
1658133461375202113
1658133461476214778
1658133461577296594
1658133461676376782
1658133461776643040
1658133461877110034
1658133461980620165
1658133462077950413
1658133462178252489
1658133462274521176
1658133462375126825
1658133462477315366
1658133462575970687
1658133462676353172
1658133462776856957
1658133462877822083
1658133462977535366
1658133463077741888
1658133463179711578
1658133463274902077
1658133463375769090
1658133463475219374
1658133463575606385
1658133463675927187
1658133463777054942
1658133463877044853
1658133463977027986
1658133464077484907
1658133464178099074
1658133464276596682
1658133464376171596
1658133464475960275
1658133464576326493
1658133464677553960
1658133464777123536
1658133464877599022
1658133464977944118
1658133465078982406
1658133465178734075
1658133465274197675
1658133465375371024
1658133465475799946
1658133465577360416
1658133465676499619
1658133465777287751
1658133465877348958
1658133465979438829
1658133466078612688
1658133466178327654
1658133466274102842
1658133466377870717
1658133466475598292
1658133466575957127
1658133466676363430
1658133466778791162
1658133466877129043
1658133466977435436
1658133467077861160
1658133467180589081
1658133467274483343
1658133467375067481
1658133467475909865
1658133467576422555
1658133467676116869
1658133467776467976
1658133467877061304
1658133467978037087
1658133468077692318
1658133468178106259
1658133468274533680
1658133468374744148
1658133468475369398
1658133468575553108
1658133468676467232
1658133468776456698
1658133468877163444
1658133468976998352
1658133469077428077
1658133469177902588
1658133469273917182
1658133469376830549
1658133469474977293
1658133469575294277
1658133469675789982
1658133469776115023
1658133469876587305
1658133469976995163
1658133470077322119
1658133470177579465
1658133470275140352
1658133470374476279
1658133470476641733
1658133470575143355
1658133470677175412
1658133470775944089
1658133470877913397
1658133470976749494
1658133471079121539
1658133471177488790
1658133471273874831
1658133471375260300
1658133471477877787
1658133471576168528
1658133471677138455
1658133471776751030
1658133471877196563
1658133471977796675
1658133472079392549
1658133472178160352
1658133472273945950
1658133472374328010
1658133472475243148
1658133472575054449
1658133472675945219
1658133472775821712
1658133472876646095
1658133472976486874
1658133473077581591
1658133473179111854
1658133473273862124
1658133473374848211
1658133473476054490
1658133473575584808
1658133473676913090
1658133473776430751
1658133473877389711
1658133473977074079
1658133474077738901
1658133474177878152
1658133474273839550
1658133474374707641
1658133474475138651
1658133474575324823
1658133474675794507
1658133474776890229
1658133474876423553
1658133474976800766
1658133475078507043
1658133475177564216
1658133475273719221
1658133475375890186
1658133475474756778
1658133475575248047
1658133475675555664
1658133475775884038
1658133475876354732
1658133475976654353
1658133476077046404
1658133476180029425
1658133476273704087
1658133476374137459
1658133476474557970
1658133476575573046
1658133476675402550
1658133476775703290
1658133476876246616
1658133476976884965
1658133477077078646
1658133477177201807
1658133477273754517
1658133477375188059
1658133477475507236
1658133477576500229
1658133477676116145
1658133477776542706
1658133477877057980
1658133477977328155
1658133478077582423
1658133478178123272
1658133478273681136
1658133478375034983
1658133478475692674
1658133478575593328
1658133478676195223
1658133478776450141
1658133478876690708
1658133478977069282
1658133479077443041
1658133479177792088
1658133479273977230
1658133479374049798
1658133479474647708
1658133479575038334
1658133479675092206
1658133479775490322
1658133479876280003
1658133479976291849
1658133480076789253
1658133480177272887
1658133480273660455
1658133480374553827
1658133480474945856
1658133480575242809
1658133480675585121
1658133480776239480
1658133480876208479
1658133480976635029
1658133481077029470
1658133481177474938
1658133481273809624
1658133481374188342
1658133481474242236
1658133481574855182
1658133481674978832
1658133481775439946
1658133481875932679
1658133481976094463
1658133482076452603
1658133482176844709
1658133482273446338
1658133482374276586
1658133482474533551
1658133482574723878
1658133482676126135
1658133482775389670
1658133482875895194
1658133482976246034
1658133483076611734
1658133483177013815
1658133483273514718
1658133483375113543
1658133483475837649
1658133483575663172
1658133483675937349
1658133483776405633
1658133483876848171
1658133483977132426
1658133484077707148
1658133484177949568
1658133484273459730
1658133484375227968
1658133484474982271
1658133484575591784
1658133484675943170
1658133484776245721
1658133484876691170
1658133484976990343
1658133485077398248
1658133485177899328
1658133485273355206
1658133485374438742
1658133485474983114
1658133485575282148
1658133485675600016
1658133485776844845
1658133485876339602
1658133485976710994
1658133486077175916
1658133486177490220
1658133486273746938
1658133486374478641
1658133486474554496
1658133486575037025
1658133486675358781
1658133486775788022
1658133486876271426
1658133486976514489
1658133487076895502
1658133487177483459
1658133487273585840
1658133487374029005
1658133487474616255
1658133487574772407
1658133487675213743
1658133487775712073
1658133487875902116
1658133487976206395
1658133488077019038
1658133488177071693
1658133488273468292
1658133488373832774
1658133488474166823
1658133488577361246
1658133488675031933
1658133488775324429
1658133488875762220
1658133488976127276
1658133489076496351
1658133489176787453
1658133489273673970
1658133489374879793
1658133489475182455
1658133489575563097
1658133489675750771
1658133489776149031
1658133489876608652
1658133489976846549
1658133490077196773
1658133490177623292
1658133490274284306
1658133490374415495
1658133490474756910
1658133490575477161
1658133490676937958
1658133490775964103
1658133490876402925
1658133490976664181
1658133491078669522
1658133491177622090
1658133491273092198
1658133491374272461
1658133491474807036
1658133491577182367
1658133491675556114
1658133491775792561
1658133491876106834
1658133491977159073
1658133492076835066
1658133492177395326
1658133492273099968
1658133492373998873
1658133492476412432
1658133492574784586
1658133492675130398
1658133492775525809
1658133492876695556
1658133492976299939
1658133493077082812
1658133493176960986
1658133493273238958
1658133493374540228
1658133493473867590
1658133493574134580
1658133493674771661
1658133493776180756
1658133493875384034
1658133493975693839
1658133494076065996
1658133494178215555
1658133494273165372
1658133494373586933
1658133494474206363
1658133494576923757
1658133494674944117
1658133494775502110
1658133494875673800
1658133494978297110
1658133495076482350
1658133495176710538
1658133495273170146
1658133495374419986
1658133495474004711
1658133495574303480
1658133495674749927
1658133495775259683
1658133495875403206
1658133495975690399
1658133496076044591
1658133496177322710
1658133496275495878
1658133496374212865
1658133496475460310
1658133496575013188
1658133496675589380
1658133496777289955
1658133496876186372
1658133496976499947
1658133497076946589
1658133497178182192
1658133497275364607
1658133497373566525
1658133497473860678
1658133497574020008
1658133497674775197
1658133497774830937
1658133497875246853
1658133497975573543
1658133498076710092
1658133498176387156
1658133498275153842
1658133498373983147
1658133498476350462
1658133498574826215
1658133498676355060
1658133498775950594
1658133498877720700
1658133498976340647
1658133499077299611
1658133499176876133
1658133499273427296
1658133499373993362
1658133499476224753
1658133499574488405
1658133499675144045
1658133499775460353
1658133499875587155
1658133499975989719
1658133500077891398
1658133500177337654
1658133500273404678
1658133500373719637
1658133500473878642
1658133500574271214
1658133500675404525
1658133500774951935
1658133500877484893
1658133500975750444
1658133501076497075
1658133501176853854
1658133501273288896
1658133501373276385
1658133501473667048
1658133501576691747
1658133501674351567
1658133501774762429
1658133501875232173
1658133501976252146
1658133502077194177
1658133502176307498
1658133502272717444
1658133502374313096
1658133502474601666
1658133502574950347
1658133502675370980
1658133502775649109
1658133502875967891
1658133502978321954
1658133503077211736
1658133503177006715
1658133503273049194
1658133503373950163
1658133503473977167
1658133503573794038
1658133503674205175
1658133503774601628
1658133503875001947
1658133503976007099
1658133504075739208
1658133504176096449
1658133504272659833
1658133504374453525
1658133504474072634
1658133504574418563
1658133504675224419
1658133504775164239
1658133504875535827
1658133504978142242
1658133505076307152
1658133505176699802
1658133505272959597
1658133505373691762
1658133505473965553
1658133505574453154
1658133505674650829
1658133505775576367
1658133505875421521
1658133505975730116
1658133506076913232
1658133506176475249
1658133506272936570
1658133506373318393
1658133506473726140
1658133506574308391
1658133506674709584
1658133506775018974
1658133506875155460
1658133506975533623
1658133507075931331
1658133507176222884
1658133507272458270
1658133507372927847
1658133507473399831
1658133507573704923
1658133507674242544
1658133507774851953
1658133507874846950
1658133507975507003
1658133508075607325
1658133508175931175
1658133508272682314
1658133508374149191
1658133508474271314
1658133508574778309
1658133508675029211
1658133508775342302
1658133508876044150
1658133508976231671
1658133509076487313
1658133509177472639
1658133509272527013
1658133509373930310
1658133509474529576
1658133509574563828
1658133509675567206
1658133509775265159
1658133509875830091
1658133509975936189
1658133510076280462
1658133510176668548
1658133510272412233
1658133510373475802
1658133510473807859
1658133510574720596
1658133510674552367
1658133510775009336
1658133510875462728
1658133510975673555
1658133511076073101
1658133511176650053
1658133511272350518
1658133511372809310
1658133511473506467
1658133511573591026
1658133511673855907
1658133511774316509
1658133511874703302
1658133511975472991
1658133512075896529
1658133512175773140
1658133512273305156
1658133512373099827
1658133512473411573
1658133512573841841
1658133512674270858
1658133512774668745
1658133512875060888
1658133512975612457
1658133513075788491
1658133513176222009
1658133513272351248
1658133513372726265
1658133513473253086
1658133513573542530
1658133513673800126
1658133513774230940
1658133513874545473
1658133513975143927
1658133514075325206
1658133514175665088
1658133514272904864
1658133514373777823
1658133514474612949
1658133514574916968
1658133514674862858
1658133514775217910
1658133514875550900
1658133514975874127
1658133515076316757
1658133515176603954
1658133515272299027
1658133515374053151
1658133515475207332
1658133515574179006
1658133515674598773
1658133515775068751
1658133515875528360
1658133515975826343
1658133516076407515
1658133516176886902
1658133516272472774
1658133516375835243
1658133516473701912
1658133516574021473
1658133516674458926
1658133516774827779
1658133516875081185
1658133516975439768
1658133517076013529
1658133517176251663
1658133517272991877
1658133517372679195
1658133517473003695
1658133517573515151
1658133517674629136
1658133517774167562
1658133517874459896
1658133517974903132
1658133518075221778
1658133518178051679
1658133518272417074
1658133518372842340
1658133518473600952
1658133518573766954
1658133518674843058
1658133518774451889
1658133518874833533
1658133518975346623
1658133519076705494
1658133519177472073
1658133519273057217
1658133519372723666
1658133519473132585
1658133519573584950
1658133519673833628
1658133519774224195
1658133519874647958
1658133519975013926
1658133520077331818
1658133520175924676
1658133520272228662
1658133520373634351
1658133520474115614
1658133520574975882
1658133520674996666
1658133520775143848
1658133520875521062
1658133520977387284
1658133521076215261
1658133521176528024
1658133521272651394
1658133521376201063
1658133521474217854
1658133521575038966
1658133521674507911
1658133521777064287
1658133521875309551
1658133521975650246
1658133522076019921
1658133522178036791
1658133522272302000
1658133522373758005
1658133522473642253
1658133522574676959
1658133522675054765
1658133522774654600
1658133522875013584
1658133522978176080
1658133523075855349
1658133523176101465
1658133523272239371
1658133523373443924
1658133523473658508
1658133523573816119
1658133523674184367
1658133523775515487
1658133523874865061
1658133523975214772
1658133524075620804
1658133524177699497
1658133524273573161
1658133524372870234
1658133524473337041
1658133524574076508
1658133524674623807
1658133524774320981
1658133524874817531
1658133524975042391
1658133525075631487
1658133525177828489
1658133525272174518
1658133525372647852
1658133525475473495
1658133525573265811
1658133525675412802
1658133525774436823
1658133525874785687
1658133525974923613
1658133526075538479
1658133526175543160
1658133526274291335
1658133526373408455
1658133526475803238
1658133526574253858
1658133526674589011
1658133526774958307
1658133526875357514
1658133526978134356
1658133527076113684
1658133527177760958
1658133527272899368
1658133527373316041
1658133527474504807
1658133527574111803
1658133527676903314
1658133527774782679
1658133527876020873
1658133527975369107
1658133528078504336
1658133528176035550
1658133528271788836
1658133528374325528
1658133528473715687
1658133528573656599
1658133528674743659
1658133528774402212
1658133528874913457
1658133528976116280
1658133529075868516
1658133529175832035
1658133529271639905
1658133529372590356
1658133529472984204
1658133529575753979
1658133529674701955
1658133529774185819
1658133529874911525
1658133529975081690
1658133530075598531
1658133530175593335
1658133530272340536
1658133530375099188
1658133530472805678
1658133530573172923
1658133530673589968
1658133530776169858
1658133530874712820
1658133530974629917
1658133531075152520
1658133531177285941
1658133531273329162
1658133531372339812
1658133531472793648
1658133531572940320
1658133531673307031
1658133531773772139
1658133531874294023
1658133531974732732
1658133532074785408
1658133532175163741
1658133532271596629
1658133532373055392
1658133532473441815
1658133532573782978
1658133532674453026
1658133532774562677
1658133532874831770
1658133532975167071
1658133533076267869
1658133533176133421
1658133533271460582
1658133533373015954
1658133533473201877
1658133533573622089
1658133533674028168
1658133533774357119
1658133533874664434
1658133533975076709
1658133534075317191
1658133534176442219
1658133534271472121
1658133534372558978
1658133534473446987
1658133534573325415
1658133534674002022
1658133534774079096
1658133534874645689
1658133534975106694
1658133535075182415
1658133535175501214
1658133535271739439
1658133535372403182
1658133535472991936
1658133535573132735
1658133535673819850
1658133535773900076
1658133535874837591
1658133535974786099
1658133536074970559
1658133536175691144
1658133536271391392
1658133536372564369
1658133536472783380
1658133536573001394
1658133536673264042
1658133536773632319
1658133536874064108
1658133536974339591
1658133537075159760
1658133537175144844
1658133537271456388
1658133537372019820
1658133537472466077
1658133537573247420
1658133537673168696
1658133537773712463
1658133537874311976
1658133537974202321
1658133538074877851
1658133538174977429
1658133538271831529
1658133538371724798
1658133538472150010
1658133538572565039
1658133538673106425
1658133538773232435
1658133538873599903
1658133538974045715
1658133539074438990
1658133539174858768
1658133539272147145
1658133539372716445
1658133539473041864
1658133539573547079
1658133539673832357
1658133539774286377
1658133539874694057
1658133539974767666
1658133540075182087
1658133540175544599
1658133540271320736
1658133540372789070
1658133540472683711
1658133540573295344
1658133540674015492
1658133540773861724
1658133540874222155
1658133540974645423
1658133541074991930
1658133541175430110
1658133541271306048
1658133541372184000
1658133541472546520
1658133541572885318
1658133541673315320
1658133541773590452
1658133541874007833
1658133541974429674
1658133542074938784
1658133542175075787
1658133542271245562
1658133542372277057
1658133542472393282
1658133542573168116
1658133542673089085
1658133542773464881
1658133542874061712
1658133542974191795
1658133543074502749
1658133543174882978
1658133543271208993
1658133543371760472
1658133543472123796
1658133543572270754
1658133543673317813
1658133543773033703
1658133543873410556
1658133543974225729
1658133544074127685
1658133544174530507
1658133544271428461
1658133544372711912
1658133544473196661
1658133544573319703
1658133544674788098
1658133544774042418
1658133544874339176
1658133544974769699
1658133545075160005
1658133545175446023
1658133545271088848
1658133545372337034
1658133545472750881
1658133545573479779
1658133545673742120
1658133545773870850
1658133545874646197
1658133545976796121
1658133546074895193
1658133546175273664
1658133546271110411
1658133546372175153
1658133546473056698
1658133546572783396
1658133546673191885
1658133546773537912
1658133546874722207
1658133546974333281
1658133547074872528
1658133547174996338
1658133547271128688
1658133547371902623
1658133547471744990
1658133547572031856
1658133547672374288
1658133547772774151
1658133547873955314
1658133547973563106
1658133548073883877
1658133548174940425
1658133548270862868
1658133548373334099
1658133548472494881
1658133548572303755
1658133548672831444
1658133548773878999
1658133548873516943
1658133548974054772
1658133549074345764
1658133549174685494
1658133549273167498
1658133549371483361
1658133549471812192
1658133549573053873
1658133549673136237
1658133549772929688
1658133549873287283
1658133549973615511
1658133550073947091
1658133550175880756
1658133550271145006
1658133550371143412
1658133550471517723
1658133550571838324
1658133550672809081
1658133550772555799
1658133550873082514
1658133550974180198
1658133551073772822
1658133551174100424
1658133551270811572
1658133551372095580
1658133551472362215
1658133551572641553
1658133551673171593
1658133551773752931
1658133551874211224
1658133551974144189
1658133552074559814
1658133552175626257
1658133552273228517
1658133552372287708
1658133552472209370
1658133552572465085
1658133552674254956
1658133552773295470
1658133552873679529
1658133552974060531
1658133553076048630
1658133553174737564
1658133553270615087
1658133553371581143
1658133553471908519
1658133553574448471
1658133553672700827
1658133553774952788
1658133553873623944
1658133553975269870
1658133554074407335
1658133554175738648
1658133554270703560
1658133554372270820
1658133554471751827
1658133554574558753
1658133554672482273
1658133554773593292
1658133554873202568
1658133554976167993
1658133555075366464
1658133555174295801
1658133555270712657
1658133555373468144
1658133555472766169
1658133555571864664
1658133555673002720
1658133555772967362
1658133555872963221
1658133555973390972
1658133556074088217
1658133556174041882
1658133556271349881
1658133556372912686
1658133556472510532
1658133556573204222
1658133556673554019
1658133556773382442
1658133556874133083
1658133556975197747
1658133557074472031
1658133557174979168
1658133557270332701
1658133557371714428
1658133557472503227
1658133557574788546
1658133557672839874
1658133557773830847
1658133557873635198
1658133557973874046
1658133558074214171
1658133558176404416
1658133558270584779
1658133558371657923
1658133558471951375
1658133558572443810
1658133558673370977
1658133558772935032
1658133558873331138
1658133558976163574
1658133559074036351
1658133559174445545
1658133559270544431
1658133559372287334
1658133559472104102
1658133559572567081
1658133559672650972
1658133559772941073
1658133559873339159
1658133559973802209
1658133560073905026
1658133560174436504
1658133560270585132
1658133560373729415
1658133560471465679
1658133560571811808
1658133560672238389
1658133560772586635
1658133560872857557
1658133560973330346
1658133561073687966
1658133561174004398
1658133561270665774
1658133561370923003
1658133561471274959
1658133561571634994
1658133561672168168
1658133561772566219
1658133561872733690
1658133561973089361
1658133562073610259
1658133562174055690
1658133562270197446
1658133562371989981
1658133562472074755
1658133562572410249
1658133562672933563
1658133562773176025
1658133562873541477
1658133562974149909
1658133563074206752
1658133563174533641
1658133563270690813
1658133563370512825
1658133563470972091
1658133563571320972
1658133563671667733
1658133563772043649
1658133563872446181
1658133563972849058
1658133564073196438
1658133564173578815
1658133564270274732
1658133564371298718
1658133564471558298
1658133564571978289
1658133564672460688
1658133564772825196
1658133564873113606
1658133564974015810
1658133565074064887
1658133565174237816
1658133565270089641
1658133565371147874
1658133565471686371
1658133565571822026
1658133565672099418
1658133565772537752
1658133565872812516
1658133565973233037
1658133566073644659
1658133566173862453
1658133566270098884
1658133566371134026
1658133566471115276
1658133566571536735
1658133566672176739
1658133566772299309
1658133566872614825
1658133566973681522
1658133567073400514
1658133567173949050
1658133567270192292
1658133567370553409
1658133567471281157
1658133567571346948
1658133567671739880
1658133567772142677
1658133567872535771
1658133567972961691
1658133568073282404
1658133568174168634
1658133568270021383
1658133568371498870
1658133568471850935
1658133568572281111
1658133568672618153
1658133568772988037
1658133568873321547
1658133568973926367
1658133569074075086
1658133569174323528
1658133569269937594
1658133569371300522
1658133569471631168
1658133569574253670
1658133569672348082
1658133569772716220
1658133569873491096
1658133569973527427
1658133570073803465
1658133570174162392
1658133570269902792
1658133570370284887
1658133570472751640
1658133570571065696
1658133570671467379
1658133570771799973
1658133570872124911
1658133570973033816
1658133571072918314
1658133571173274495
1658133571270300936
1658133571370191731
1658133571470666865
1658133571571039185
1658133571671461699
1658133571771841604
1658133571873005089
1658133571972772796
1658133572073027360
1658133572173659117
1658133572269761351
1658133572370848579
1658133572471022359
1658133572571263812
1658133572671672047
1658133572772069876
1658133572874061522
1658133572972851290
1658133573073839666
1658133573173543576
1658133573269726733
1658133573370861865
1658133573470727114
1658133573570933823
1658133573671310104
1658133573771669268
1658133573873737829
1658133573972749963
1658133574072781958
1658133574173362472
1658133574270133910
1658133574371776651
1658133574472182790
1658133574571998321
1658133574672339479
1658133574773201491
1658133574873040778
1658133574973505408
1658133575073818975
1658133575175546358
1658133575269985794
1658133575370134383
1658133575470537694
1658133575573289143
1658133575671299381
1658133575771582434
1658133575871981654
1658133575972380267
1658133576073217682
1658133576173268409
1658133576269664873
1658133576370714091
1658133576471619945
1658133576572159592
1658133576671859301
1658133576772255712
1658133576872621482
1658133576975463979
1658133577073440164
1658133577173776145
1658133577269690031
1658133577371132547
1658133577471054881
1658133577571343824
1658133577671754752
1658133577772389128
1658133577872825066
1658133577972757964
1658133578073153027
1658133578174310510
1658133578270283674
1658133578372458154
1658133578470668692
1658133578571070355
1658133578672215690
1658133578771897514
1658133578872168189
1658133578972578025
1658133579074199929
1658133579173483428
1658133579269578240
1658133579370606117
1658133579470604902
1658133579571554212
1658133579671338997
1658133579771567194
1658133579873153576
1658133579972775090
1658133580074388350
1658133580173141150
1658133580269564347
1658133580370899663
1658133580471289856
1658133580572640937
1658133580672118185
1658133580772830456
1658133580872823129
1658133580975494925
1658133581074029677
1658133581175730642
1658133581270000464
1658133581370859290
1658133581471756006
1658133581571907012
1658133581673244633
1658133581772304173
1658133581873875169
1658133581973197289
1658133582075725713
1658133582173890841
1658133582269425271
1658133582370495828
1658133582471159269
1658133582573426726
1658133582671776187
1658133582772678761
1658133582872876408
1658133582972904994
1658133583074169551
1658133583173514108
1658133583269766592
1658133583370493193
1658133583470758187
1658133583571746130
1658133583671436773
1658133583771818515
1658133583872300769
1658133583974809700
1658133584073026578
1658133584173857296
1658133584269397458
1658133584371570015
1658133584470862197
1658133584571112360
1658133584671536938
1658133584772874349
1658133584874308161
1658133584972496730
1658133585072837128
1658133585173039691
1658133585269485791
1658133585369978646
1658133585470218076
1658133585571141454
1658133585671062999
1658133585771439997
1658133585872351371
1658133585972194527
1658133586072504424
1658133586172954598
1658133586269281089
1658133586369631745
1658133586470000019
1658133586570399369
1658133586670816979
1658133586771308319
1658133586871575328
1658133586972215088
1658133587072400781
1658133587172761622
1658133587269445998
1658133587370684649
1658133587471038350
1658133587571496378
1658133587671700255
1658133587772357549
1658133587872407680
1658133587972765979
1658133588073543333
1658133588173534391
1658133588269220025
1658133588370367142
1658133588470730136
1658133588571106090
1658133588671540834
1658133588771809395
1658133588872396562
1658133588972848018
1658133589072932515
1658133589173947411
1658133589269140678
1658133589370259785
1658133589470530403
1658133589570996426
1658133589671687004
1658133589771845287
1658133589872616551
1658133589972740556
1658133590072714472
1658133590173151512
1658133590269120852
1658133590369902872
1658133590470273401
1658133590570874043
1658133590671027445
1658133590771411092
1658133590872583869
1658133590972290447
1658133591072653112
1658133591172938247
1658133591269010269
1658133591370104761
1658133591470284398
1658133591570431386
1658133591670898269
1658133591771303102
1658133591871680496
1658133591972129230
1658133592072431315
1658133592172733219
1658133592269256135
1658133592369695599
1658133592470086447
1658133592570595856
1658133592671034045
1658133592771138396
1658133592872368636
1658133592971978232
1658133593072358186
1658133593172764819
1658133593269179078
1658133593370541431
1658133593470993495
1658133593571287778
1658133593671661016
1658133593772009681
1658133593872270631
1658133593972931953
1658133594072984198
1658133594173365359
1658133594269147802
1658133594370228597
1658133594470992358
1658133594571161945
1658133594671963002
1658133594771855362
1658133594872193616
1658133594972647709
1658133595073282343
1658133595173360791
1658133595268829455
1658133595369949131
1658133595470292267
1658133595570724303
1658133595671425030
1658133595771385528
1658133595871759479
1658133595972216765
1658133596072577180
1658133596172966057
1658133596268870005
1658133596369699696
1658133596471634181
1658133596570695011
1658133596670853577
1658133596771967747
1658133596871561423
1658133596972365932
1658133597072640688
1658133597172767892
1658133597268882394
1658133597369658981
1658133597471120647
1658133597570312116
1658133597670794443
1658133597771167614
1658133597872147824
1658133597971989269
1658133598072435426
1658133598172588491
1658133598268797646
1658133598369314864
1658133598471440748
1658133598570120569
1658133598670521829
1658133598771037168
1658133598872839310
1658133598971687213
1658133599072037690
1658133599172324053
1658133599268704468
1658133599372222112
1658133599470589597
1658133599571032423
1658133599671448702
1658133599774171743
1658133599872824215
1658133599972448602
1658133600072772461
1658133600173589902
1658133600270248859
1658133600369173661
1658133600469549067
1658133600569947358
1658133600672286852
1658133600770889744
1658133600870900164
1658133600971368061
1658133601072066718
1658133601172206408
1658133601268667551
1658133601369905402
1658133601470141604
1658133601573192951
1658133601670961726
1658133601771286031
1658133601872278637
1658133601972301203
1658133602072396093
1658133602173097323
1658133602268675861
1658133602369694237
1658133602469921995
1658133602572433196
1658133602670850177
1658133602771101418
1658133602871431928
1658133602974035482
1658133603072297480
1658133603172506166
1658133603268700458
1658133603370087164
1658133603469829159
1658133603570118011
1658133603670533881
1658133603771785936
1658133603871660711
1658133603971558027
1658133604072032019
1658133604173161863
1658133604270172110
1658133604369176894
1658133604469595673
1658133604570379406
1658133604670517991
1658133604770662108
1658133604871116377
1658133604971524528
1658133605071885894
1658133605172124111
1658133605269493241
1658133605368913267
1658133605469885153
1658133605569672730
1658133605670134399
1658133605770466213
1658133605872540711
1658133605971269986
1658133606071623300
1658133606171980161
1658133606269171085
1658133606370151034
1658133606471385602
1658133606570467641
1658133606672697009
1658133606771323276
1658133606872426414
1658133606972044395
1658133607073645888
1658133607172827846
1658133607268748484
1658133607369513322
1658133607470709214
1658133607570468576
1658133607673039036
1658133607771269428
1658133607872055283
1658133607971791779
1658133608074531484
1658133608172470061
1658133608268711553
1658133608371358068
1658133608470464072
1658133608570184420
1658133608671422521
1658133608770973588
1658133608873403544
1658133608971711859
1658133609072288715
1658133609172686173
1658133609268275661
1658133609369161013
1658133609470411950
1658133609571611355
1658133609670381151
1658133609770577262
1658133609871020298
1658133609972035867
1658133610072151720
1658133610172195062
1658133610268264371
1658133610370792257
1658133610468972838
1658133610569366190
1658133610669744949
1658133610770717631
1658133610870454470
1658133610970939186
1658133611071603171
1658133611172513943
1658133611268148726
1658133611368649237
1658133611469550278
1658133611569369548
1658133611669622205
1658133611770355521
1658133611870794570
1658133611973258043
1658133612071231995
1658133612171641489
1658133612268679623
1658133612369520291
1658133612469739780
1658133612570245467
1658133612670637238
1658133612771616548
1658133612871378068
1658133612971826662
1658133613072092508
1658133613172498655
1658133613268054812
1658133613369274108
1658133613469559012
1658133613569951369
1658133613670268507
1658133613770637318
1658133613871115807
1658133613971513572
1658133614071741951
1658133614172223900
1658133614268181641
1658133614368480402
1658133614468780641
1658133614569420042
1658133614669584322
1658133614769897069
1658133614870333931
1658133614970598576
1658133615071011093
1658133615171652107
1658133615267939794
1658133615368837845
1658133615469325012
1658133615569824211
1658133615670307374
1658133615770339901
1658133615870752948
1658133615971107506
1658133616071432900
1658133616171860427
1658133616268055354
1658133616368900164
1658133616469042108
1658133616569305811
1658133616669752215
1658133616770489711
1658133616870410309
1658133616970903747
1658133617071410784
1658133617171569586
1658133617267834881
1658133617368577618
1658133617468662556
1658133617569042486
1658133617669442224
1658133617769699307
1658133617870443533
1658133617970713620
1658133618070841457
1658133618171470658
1658133618267907374
1658133618369212056
1658133618469581607
1658133618570075225
1658133618670525703
1658133618771169757
1658133618871060563
1658133618971826170
1658133619072058447
1658133619172167590
1658133619267878975
1658133619369489151
1658133619469419740
1658133619569740143
1658133619670139230
1658133619770822980
1658133619870854656
1658133619971227799
1658133620071830223
1658133620172552610
1658133620267789431
1658133620368153883
1658133620468595320
1658133620568870630
1658133620669324726
1658133620769698066
1658133620870919623
1658133620970397848
1658133621071031251
1658133621171391231
1658133621267860817
1658133621369455036
1658133621469288121
1658133621571745298
1658133621669914690
1658133621770062867
1658133621870711104
1658133621970934372
1658133622071315459
1658133622171685920
1658133622267969312
1658133622368426715
1658133622470512867
1658133622569429331
1658133622669746559
1658133622770012615
1658133622870447568
1658133622970880389
1658133623071213065
1658133623171560260
1658133623267623105
1658133623371116786
1658133623468797183
1658133623568905677
1658133623669432765
1658133623769728745
1658133623870188107
1658133623970515092
1658133624070792369
1658133624171297503
1658133624269205828
1658133624367974010
1658133624468564753
1658133624568860905
1658133624671120164
1658133624769497947
1658133624869784789
1658133624970175601
1658133625071244164
1658133625171126577
1658133625267725391
1658133625369098755
1658133625469287992
1658133625569795303
1658133625670082453
1658133625770303103
1658133625870906089
1658133625971097425
1658133626071487154
1658133626171885388
1658133626267530995
1658133626368620775
1658133626470152890
1658133626570148810
1658133626669996532
1658133626770298891
1658133626870590235
1658133626973456400
1658133627071513134
1658133627171741357
1658133627267614518
1658133627368111583
1658133627470325380
1658133627569169205
1658133627669108743
1658133627769334116
1658133627869656923
1658133627970129247
1658133628070483790
1658133628171059643
1658133628267457603
1658133628369551361
1658133628468691043
1658133628569273301
1658133628669353112
1658133628771458734
1658133628870114133
1658133628970486613
1658133629070913735
1658133629171991629
1658133629269837848
1658133629367783621
1658133629468144959
1658133629568525245
1658133629669658135
1658133629769351704
1658133629869869126
1658133629969999992
1658133630070264737
1658133630172990830
1658133630267448826
1658133630367679569
1658133630468093521
1658133630568510587
1658133630669643136
1658133630769290088
1658133630869602450
1658133630970760767
1658133631070675820
1658133631170700953
1658133631267222713
1658133631368665983
1658133631469962133
1658133631569504675
1658133631669960542
1658133631770329154
1658133631870547810
1658133631971368237
1658133632071285620
1658133632171653961
1658133632267227798
1658133632367811218
1658133632467917760
1658133632568293221
1658133632669209522
1658133632769401681
1658133632869639109
1658133632970372079
1658133633070802795
1658133633170664012
1658133633267806222
1658133633367706236
1658133633470173314
1658133633568612478
1658133633670236925
1658133633769242708
1658133633871718480
1658133633969809082
1658133634070836471
1658133634170759876
1658133634267687300
1658133634368073745
1658133634468626443
1658133634569094402
1658133634670491455
1658133634769523787
1658133634870750770
1658133634970543687
1658133635073015700
1658133635171049976
1658133635266983765
1658133635369557745
1658133635468706653
1658133635568572971
1658133635668982185
1658133635770374979
1658133635870186226
1658133635970327079
1658133636070785600
1658133636170919766
1658133636267077133
1658133636367632410
1658133636467988789
1658133636570377348
1658133636668740178
1658133636769181818
1658133636869846821
1658133636971147243
1658133637070396328
1658133637170791166
1658133637267010130
1658133637368443662
1658133637467976671
1658133637568183549
1658133637668655476
1658133637771256370
1658133637869464914
1658133637969885120
1658133638070368100
1658133638170486928
1658133638266980093
1658133638367361988
1658133638467717951
1658133638568094099
1658133638668557063
1658133638768907836
1658133638869406587
1658133638969908732
1658133639070563672
1658133639170331078
1658133639267028368
1658133639367403176
1658133639467789825
1658133639568179655
1658133639668665131
1658133639768900946
1658133639869465238
1658133639969618760
1658133640069975311
1658133640170856137
1658133640267347329
1658133640368008122
1658133640468782766
1658133640568734779
1658133640669147977
1658133640769554684
1658133640869760812
1658133640970186351
1658133641070618868
1658133641171077134
1658133641266851151
1658133641367312339
1658133641467674363
1658133641568062251
1658133641668422415
1658133641768788764
1658133641869220960
1658133641969537261
1658133642069846015
1658133642170747086
1658133642266849039
1658133642367548097
1658133642467949015
1658133642568226330
1658133642668633212
1658133642769285397
1658133642869343861
1658133642969780900
1658133643070499424
1658133643170518039
1658133643267001364
1658133643367372949
1658133643467663481
1658133643568310575
1658133643668502525
1658133643768633171
1658133643869180350
1658133643969419649
1658133644069750707
1658133644170149246
1658133644267099097
1658133644368475124
1658133644468510263
1658133644568972428
1658133644669585198
1658133644769603478
1658133644870058857
1658133644970402419
1658133645070767497
1658133645171157423
1658133645267138369
1658133645367059529
1658133645467555648
1658133645568031118
1658133645668213507
1658133645768672627
1658133645869033204
