{
  "ate_mean_m": 84.305992296189,
  "ate_rmse_m": 90.15966425545432,
  "ate_std_m": 31.957232696389145,
  "completeness_pct": 98.68,
  "delta_m": 10.0,
  "gt_poses": 7500,
  "matched_poses": 7401,
  "rpe_rot_drift_deg_per_100m": 62.183437121081994,
  "rpe_rot_mean_deg": 6.2183437121082,
  "rpe_rot_rmse_deg": 14.265161565327523,
  "rpe_trans_drift_m_per_m": 1.689741464167724,
  "rpe_trans_mean_m": 16.89741464167724,
  "rpe_trans_rmse_m": 17.565141141841895,
  "t_max_diff_s": 0.1
}